id,first_name,last_name,email,gender,ip_address
1,Flss,Torra,ftorra0@blogger.com,Female,253.250.171.117
2,Grant,Colbeck,gcolbeck1@shop-pro.jp,Male,156.133.12.147
3,Erhart,Kellitt,ekellitt2@google.it,Male,151.4.74.157
4,Caprice,Possa,cpossa3@japanpost.jp,Female,8.167.183.215
5,Paddy,Eastridge,peastridge4@webs.com,Male,102.250.40.241
6,Hobey,McCrackem,hmccrackem5@indiatimes.com,Male,3.30.178.143
7,Shelagh,Springall,sspringall6@feedburner.com,Female,201.136.223.143
8,Meir,Airton,mairton7@1688.com,Male,59.84.100.170
9,Roosevelt,Leng,rleng8@squarespace.com,Male,96.178.141.217
10,Sig,Heppner,sheppner9@techcrunch.com,Male,69.225.247.129
11,Nanice,De Andreis,ndeandreisa@loc.gov,Agender,196.125.128.105
12,Larina,McTrustie,lmctrustieb@acquirethisname.com,Female,61.104.221.71
13,Clementia,Ashdown,cashdownc@miibeian.gov.cn,Female,39.62.189.172
14,Zacherie,Deschelle,zdeschelled@webs.com,Genderfluid,238.45.37.50
15,Ddene,Nassy,dnassye@1688.com,Bigender,209.80.233.214
16,Stacie,Crus,scrusf@shinystat.com,Female,17.194.83.205
17,Germaine,Strongman,gstrongmang@mtv.com,Male,68.59.161.182
18,Bamby,Wildbore,bwildboreh@cocolog-nifty.com,Female,124.207.247.227
19,Abagael,Cornu,acornui@so-net.ne.jp,Female,184.249.93.234
20,Fern,Lordon,flordonj@cnn.com,Female,217.86.10.230
21,Talyah,O'Fihillie,tofihilliek@tripod.com,Female,166.247.76.33
22,Codee,Borsay,cborsayl@ameblo.jp,Polygender,189.16.220.222
23,Juieta,Diehn,jdiehnm@shop-pro.jp,Genderqueer,21.209.13.139
24,Avrom,Moroney,amoroneyn@github.io,Male,25.103.38.72
25,Elysee,Larrett,elarretto@sun.com,Female,56.244.129.102
26,Bjorn,Beedle,bbeedlep@house.gov,Male,8.59.38.154
27,Vaclav,Colebeck,vcolebeckq@cam.ac.uk,Male,146.245.207.156
28,Phillip,Hebborne,phebborner@yahoo.com,Male,194.220.26.150
29,Julietta,Roycroft,jroycrofts@wikispaces.com,Female,218.41.180.78
30,Westley,Bourgourd,wbourgourdt@apple.com,Male,148.21.139.228
31,Cash,Myles,cmylesu@boston.com,Polygender,117.50.241.134
32,Cyril,Matterdace,cmatterdacev@123-reg.co.uk,Male,55.169.90.22
33,Loni,Shilton,lshiltonw@ucla.edu,Female,104.0.148.102
34,Janeta,Gladden,jgladdenx@walmart.com,Female,3.170.173.53
35,Omero,Baribal,obaribaly@creativecommons.org,Male,43.225.92.151
36,Ely,Dodd,edoddz@addtoany.com,Male,183.92.41.146
37,Marcellina,Gutierrez,mgutierrez10@state.gov,Female,242.98.153.245
38,Veronika,Garken,vgarken11@booking.com,Female,124.110.104.238
39,Emmalynn,Mainds,emainds12@tinypic.com,Female,163.96.236.43
40,Gothart,Alibone,galibone13@sphinn.com,Male,55.135.178.4
41,Roberto,Hartup,rhartup14@fc2.com,Non-binary,41.91.198.241
42,Chuck,Lodden,clodden15@reuters.com,Bigender,229.142.120.140
43,Aryn,Sommerling,asommerling16@xing.com,Female,202.130.214.86
44,Wood,Lembrick,wlembrick17@topsy.com,Male,197.175.52.200
45,Jerrie,Prattin,jprattin18@accuweather.com,Female,100.200.153.178
46,Bobina,Vinker,bvinker19@sitemeter.com,Female,138.104.226.1
47,Derk,Casewell,dcasewell1a@reverbnation.com,Genderfluid,122.252.211.108
48,Terence,Arrundale,tarrundale1b@stumbleupon.com,Male,29.26.145.80
49,Henri,Pickworth,hpickworth1c@vk.com,Male,16.231.231.163
50,Osgood,Ary,oary1d@posterous.com,Male,101.211.56.3
51,Reinhard,McKague,rmckague1e@imageshack.us,Male,136.12.192.87
52,Gene,Shawley,gshawley1f@hibu.com,Male,122.236.110.205
53,Rosmunda,Gateley,rgateley1g@moonfruit.com,Female,167.151.36.69
54,Idalina,Goadsby,igoadsby1h@behance.net,Female,100.213.102.183
55,Carson,Aldam,caldam1i@aboutads.info,Male,61.144.160.237
56,Reinaldo,Rozec,rrozec1j@vkontakte.ru,Male,180.64.54.209
57,Yorke,Mitchiner,ymitchiner1k@livejournal.com,Male,208.26.64.119
58,Marlin,Nials,mnials1l@google.co.uk,Male,228.92.180.231
59,Priscilla,Goodlake,pgoodlake1m@gov.uk,Female,245.30.238.109
60,Kissie,Toman,ktoman1n@bravesites.com,Female,189.109.253.164
61,Stavros,Dixcey,sdixcey1o@networksolutions.com,Male,153.93.0.180
62,Nerta,Reede,nreede1p@liveinternet.ru,Female,89.28.246.253
63,Carleen,Pasque,cpasque1q@toplist.cz,Polygender,187.86.225.16
64,Giralda,Ellsbury,gellsbury1r@smh.com.au,Female,5.98.179.98
65,Matias,Dugood,mdugood1s@sogou.com,Male,148.192.195.83
66,Jerrine,Starte,jstarte1t@mail.ru,Female,216.166.121.83
67,Juditha,Millins,jmillins1u@ca.gov,Bigender,188.103.39.185
68,Chester,Ballintyne,cballintyne1v@bandcamp.com,Male,34.138.222.188
69,Ninetta,Goldine,ngoldine1w@cisco.com,Female,71.219.2.165
70,Bartlet,Johns,bjohns1x@alibaba.com,Male,92.135.119.245
71,Halimeda,Kiley,hkiley1y@mozilla.org,Female,175.4.239.145
72,Ilka,Mostyn,imostyn1z@nyu.edu,Female,11.245.5.159
73,Franklyn,Astle,fastle20@hibu.com,Male,192.112.125.110
74,Darrick,Jellett,djellett21@list-manage.com,Male,26.34.173.40
75,Sallee,Henningham,shenningham22@pbs.org,Female,151.97.205.211
76,Serena,Highway,shighway23@geocities.jp,Female,180.208.109.123
77,Timotheus,St Ange,tstange24@wsj.com,Male,19.93.154.97
78,Decca,Paladino,dpaladino25@facebook.com,Male,55.153.87.186
79,Marleen,Kenneford,mkenneford26@soup.io,Female,191.176.144.134
80,Banky,Oakenfull,boakenfull27@seesaa.net,Male,156.158.7.7
81,Roselia,Bater,rbater28@samsung.com,Female,9.61.241.254
82,Joela,Kettell,jkettell29@com.com,Female,74.209.193.230
83,Fairlie,Daniau,fdaniau2a@constantcontact.com,Male,81.188.9.234
84,Raymund,Croal,rcroal2b@columbia.edu,Male,93.123.141.144
85,Waldon,von Grollmann,wvongrollmann2c@bbb.org,Male,247.255.18.46
86,Jase,Abel,jabel2d@ask.com,Polygender,22.239.198.173
87,Fredia,Di Pietro,fdipietro2e@ibm.com,Female,160.153.148.71
88,Dame,Connikie,dconnikie2f@mail.ru,Male,8.66.140.243
89,Sharai,Begin,sbegin2g@ycombinator.com,Female,209.209.21.30
90,Riva,Biddell,rbiddell2h@studiopress.com,Female,81.245.6.198
91,Ferguson,Druhan,fdruhan2i@webnode.com,Male,72.80.191.89
92,Gayle,Emptage,gemptage2j@google.com.au,Non-binary,247.194.229.159
93,Alexia,Draper,adraper2k@weibo.com,Female,41.31.16.53
94,Carlie,Marin,cmarin2l@people.com.cn,Female,112.255.109.56
95,Abbey,Paskerful,apaskerful2m@smugmug.com,Female,254.28.164.11
96,Daven,Macer,dmacer2n@prnewswire.com,Male,246.171.96.199
97,Carri,Branchett,cbranchett2o@ibm.com,Polygender,133.133.72.220
98,Marlin,Pemble,mpemble2p@thetimes.co.uk,Male,91.113.105.40
99,Isiahi,Gimert,igimert2q@princeton.edu,Male,232.58.211.220
100,Bonnie,Blowing,bblowing2r@technorati.com,Female,113.247.129.238
101,Hy,Hehir,hhehir2s@acquirethisname.com,Male,106.224.115.46
102,Audre,Penfold,apenfold2t@army.mil,Female,65.160.113.247
103,Bevin,Wynch,bwynch2u@sakura.ne.jp,Male,248.225.243.98
104,Eugenius,Beachamp,ebeachamp2v@opera.com,Male,88.175.69.244
105,Maximilian,Barrim,mbarrim2w@intel.com,Bigender,141.195.53.235
106,Chrissy,Wims,cwims2x@godaddy.com,Male,112.184.84.149
107,Marcile,Fallawe,mfallawe2y@360.cn,Female,64.177.146.32
108,Kylie,Sennett,ksennett2z@ibm.com,Female,43.168.78.230
109,Yorke,Riepl,yriepl30@barnesandnoble.com,Male,26.245.81.132
110,Ninnette,Cantrill,ncantrill31@123-reg.co.uk,Female,197.146.139.87
111,Dwight,Gibbard,dgibbard32@twitpic.com,Male,183.51.136.91
112,Wendeline,Pattullo,wpattullo33@fema.gov,Female,148.122.6.92
113,Tamarah,Steedman,tsteedman34@infoseek.co.jp,Female,96.156.172.219
114,Jolene,Grevatt,jgrevatt35@disqus.com,Female,123.90.84.195
115,Filberte,Di Biagi,fdibiagi36@nyu.edu,Male,87.137.173.236
116,Gwennie,Jenny,gjenny37@usgs.gov,Female,115.168.33.113
117,Art,Capes,acapes38@cargocollective.com,Male,215.99.104.197
118,Read,Striker,rstriker39@opensource.org,Male,94.75.9.3
119,Cordula,Emeline,cemeline3a@ocn.ne.jp,Female,104.188.11.246
120,Gertie,Nuemann,gnuemann3b@addtoany.com,Polygender,135.207.121.118
121,Marcille,Dudeney,mdudeney3c@trellian.com,Female,171.78.182.220
122,Aimil,Mabley,amabley3d@japanpost.jp,Female,143.230.132.68
123,Winny,Doswell,wdoswell3e@indiegogo.com,Female,146.41.120.197
124,Quill,Whether,qwhether3f@dell.com,Male,224.136.59.202
125,Cammi,Caizley,ccaizley3g@cornell.edu,Agender,85.3.241.152
126,Valentine,Kupker,vkupker3h@illinois.edu,Male,187.230.145.248
127,Ingemar,Coules,icoules3i@sun.com,Male,244.155.147.138
128,Brinn,Layton,blayton3j@shareasale.com,Female,186.234.237.26
129,Marylou,Biner,mbiner3k@chicagotribune.com,Female,23.10.107.204
130,Craggy,Elintune,celintune3l@histats.com,Male,54.32.132.134
131,Rich,O'Hickee,rohickee3m@eventbrite.com,Male,3.238.121.156
132,Bibbye,Coste,bcoste3n@engadget.com,Female,0.132.198.53
133,Vincents,Scholz,vscholz3o@un.org,Male,194.236.66.0
134,Cole,Moquin,cmoquin3p@pbs.org,Male,174.49.67.200
135,Simon,Windaybank,swindaybank3q@flickr.com,Genderqueer,48.211.247.141
136,Murry,Lyon,mlyon3r@fda.gov,Bigender,237.235.26.178
137,Gradey,Sillett,gsillett3s@comcast.net,Male,14.47.160.248
138,Valentijn,Prestige,vprestige3t@imdb.com,Male,30.96.108.185
139,Malissa,Flear,mflear3u@shinystat.com,Female,104.7.72.119
140,Adamo,Wilacot,awilacot3v@dropbox.com,Polygender,68.155.43.47
141,Say,Treanor,streanor3w@accuweather.com,Polygender,41.229.146.214
142,Mayer,Oldroyde,moldroyde3x@newyorker.com,Male,74.129.12.232
143,Xerxes,Heijnen,xheijnen3y@examiner.com,Male,0.123.132.185
144,Minny,Hansemann,mhansemann3z@digg.com,Female,129.25.55.253
145,Wynne,Jensen,wjensen40@netvibes.com,Female,252.94.25.78
146,Olin,Brogini,obrogini41@google.it,Male,20.108.254.58
147,Chandler,McGoogan,cmcgoogan42@columbia.edu,Agender,162.99.32.155
148,Alastair,Le Provest,aleprovest43@smugmug.com,Male,209.126.96.192
149,Calida,Gurley,cgurley44@php.net,Genderqueer,147.243.70.47
150,Ilyssa,Bains,ibains45@npr.org,Female,2.64.152.159
151,Karina,Kaygill,kkaygill46@cnn.com,Female,165.60.101.202
152,Ban,Scarlet,bscarlet47@chronoengine.com,Male,126.189.136.126
153,Regen,Teas,rteas48@timesonline.co.uk,Male,32.62.75.121
154,Reba,Instock,rinstock49@hatena.ne.jp,Female,51.157.157.174
155,Romola,Rawdall,rrawdall4a@liveinternet.ru,Genderqueer,24.119.139.159
156,Branden,Shervington,bshervington4b@parallels.com,Genderqueer,160.220.92.153
157,Selma,Mcasparan,smcasparan4c@slashdot.org,Female,234.146.242.58
158,Lorene,Heister,lheister4d@bbc.co.uk,Female,226.254.106.68
159,Kerk,Demange,kdemange4e@bizjournals.com,Male,115.80.17.199
160,Donnie,Deacock,ddeacock4f@dell.com,Male,236.5.169.171
161,Coretta,Lound,clound4g@imgur.com,Female,168.179.242.58
162,Sheffy,Arnely,sarnely4h@foxnews.com,Male,229.101.168.141
163,Nissy,Levicount,nlevicount4i@bluehost.com,Female,215.165.226.26
164,Garek,Guilloux,gguilloux4j@kickstarter.com,Male,9.159.246.226
165,Allyn,Foli,afoli4k@ihg.com,Male,39.36.154.179
166,Daron,Harrema,dharrema4l@posterous.com,Bigender,157.199.224.13
167,Ethelind,Bebb,ebebb4m@comcast.net,Female,80.8.8.218
168,Marylin,Lacknor,mlacknor4n@elegantthemes.com,Female,11.186.179.166
169,Libby,Assante,lassante4o@usa.gov,Female,123.254.149.156
170,Harold,Lathan,hlathan4p@elegantthemes.com,Male,21.22.32.186
171,Lodovico,Keasley,lkeasley4q@army.mil,Male,136.248.56.236
172,Lauree,Dewer,ldewer4r@symantec.com,Female,219.25.40.177
173,Tonnie,Seager,tseager4s@dmoz.org,Male,248.193.192.172
174,Olivier,Featherstonhaugh,ofeatherstonhaugh4t@typepad.com,Male,42.100.58.99
175,Tucker,Hasard,thasard4u@cisco.com,Male,146.29.28.97
176,Rex,Exrol,rexrol4v@joomla.org,Male,249.141.37.24
177,Desmund,Mosconi,dmosconi4w@intel.com,Male,120.217.204.137
178,Elyn,Wink,ewink4x@zdnet.com,Female,252.91.178.175
179,Cicily,Baltrushaitis,cbaltrushaitis4y@google.de,Genderqueer,195.17.215.185
180,Lemmy,Pendle,lpendle4z@harvard.edu,Male,183.30.117.160
181,Merrili,M'Quharge,mmquharge50@whitehouse.gov,Female,147.234.49.62
182,Vickie,Opy,vopy51@youtu.be,Female,6.206.172.171
183,Anastassia,MacCostye,amaccostye52@cnn.com,Female,145.46.114.50
184,Gilles,Baudon,gbaudon53@amazonaws.com,Male,236.7.82.50
185,Vitoria,Jennrich,vjennrich54@google.fr,Female,17.155.183.107
186,Aurelea,Chsteney,achsteney55@chicagotribune.com,Female,210.53.202.206
187,Benito,Thorowgood,bthorowgood56@macromedia.com,Male,123.203.204.80
188,Darius,Nussen,dnussen57@shinystat.com,Male,240.151.148.230
189,Binni,Touret,btouret58@engadget.com,Polygender,242.222.31.43
190,Keefer,Bridal,kbridal59@e-recht24.de,Male,49.27.161.32
191,Milt,Seeman,mseeman5a@webeden.co.uk,Male,144.199.15.24
192,Mattheus,Rowett,mrowett5b@businesswire.com,Male,217.239.20.181
193,Edythe,Camber,ecamber5c@flavors.me,Female,60.140.255.68
194,Wakefield,Veldens,wveldens5d@nyu.edu,Male,8.11.79.247
195,Hogan,Morrissey,hmorrissey5e@examiner.com,Male,241.10.248.222
196,Tally,Blaxill,tblaxill5f@qq.com,Female,235.175.25.4
197,Lorain,Bonass,lbonass5g@youku.com,Female,161.215.242.198
198,Justino,Larrington,jlarrington5h@tinypic.com,Male,134.3.33.184
199,Alvan,Watchorn,awatchorn5i@indiegogo.com,Bigender,213.118.54.34
200,Theodoric,Davage,tdavage5j@google.nl,Male,144.85.224.89
201,Eddy,Vanderplas,evanderplas5k@merriam-webster.com,Male,119.207.246.208
202,Brier,Coye,bcoye5l@sciencedirect.com,Female,137.111.43.244
203,Merrilee,Craze,mcraze5m@microsoft.com,Female,224.140.62.255
204,Monah,Mease,mmease5n@wikia.com,Female,155.112.233.125
205,Paolo,Lethem,plethem5o@businessinsider.com,Male,1.73.149.182
206,Bee,Blythe,bblythe5p@phoca.cz,Female,215.8.46.231
207,Tildy,Castella,tcastella5q@washington.edu,Female,221.91.99.112
208,Kellen,Landa,klanda5r@mapy.cz,Female,189.251.177.99
209,Lucais,Duchatel,lduchatel5s@tumblr.com,Non-binary,142.89.47.16
210,Reggie,Drivers,rdrivers5t@washingtonpost.com,Female,30.121.180.156
211,Flemming,Rozzell,frozzell5u@cornell.edu,Male,6.210.124.62
212,Felecia,Eddolls,feddolls5v@typepad.com,Female,178.164.179.198
213,Derron,Thomasson,dthomasson5w@is.gd,Male,149.22.163.166
214,Lurline,Etherson,letherson5x@disqus.com,Female,133.10.215.107
215,Giovanni,Karlmann,gkarlmann5y@yellowbook.com,Male,99.7.185.193
216,Aldis,Blackater,ablackater5z@google.it,Male,119.204.50.204
217,Fiorenze,Lushey,flushey60@networksolutions.com,Female,4.225.212.209
218,Julissa,Ancliffe,jancliffe61@artisteer.com,Female,173.155.92.8
219,Donnie,Ruf,druf62@senate.gov,Male,191.177.248.60
220,Didi,Haill,dhaill63@vk.com,Female,209.247.210.201
221,Felipa,Lohrensen,flohrensen64@sbwire.com,Female,170.151.122.51
222,Bogart,Brinkman,bbrinkman65@adobe.com,Male,24.199.185.176
223,Doris,Braam,dbraam66@google.pl,Female,229.168.254.228
224,Lilian,Scoles,lscoles67@so-net.ne.jp,Female,34.109.89.240
225,Andre,Cocher,acocher68@cocolog-nifty.com,Male,56.224.188.31
226,Chick,Risborough,crisborough69@imdb.com,Male,86.58.168.241
227,Levon,Iacobassi,liacobassi6a@yahoo.com,Male,52.228.187.211
228,Dionisio,Lack,dlack6b@newsvine.com,Male,169.166.171.23
229,Wendel,Godthaab,wgodthaab6c@printfriendly.com,Male,196.112.7.201
230,Francyne,Bowle,fbowle6d@a8.net,Female,222.252.145.116
231,Marni,Brehaut,mbrehaut6e@icq.com,Female,170.33.161.89
232,Peyter,Isson,pisson6f@mlb.com,Male,74.189.4.104
233,Coretta,Penniell,cpenniell6g@berkeley.edu,Female,248.43.100.114
234,Minna,Kinforth,mkinforth6h@live.com,Female,193.22.177.127
235,Alyce,Thorn,athorn6i@soundcloud.com,Female,181.72.61.78
236,Rivy,Basnall,rbasnall6j@prlog.org,Female,229.58.7.127
237,Quinn,Anneslie,qanneslie6k@barnesandnoble.com,Female,71.46.108.41
238,Sandra,Leaver,sleaver6l@sfgate.com,Female,73.216.82.155
239,Irwinn,Caban,icaban6m@multiply.com,Male,171.239.68.140
240,Johanna,Lumm,jlumm6n@opera.com,Female,199.194.215.200
241,Kinna,Delwater,kdelwater6o@acquirethisname.com,Female,115.123.245.87
242,Adara,Dunabie,adunabie6p@amazonaws.com,Female,225.207.231.133
243,Lucio,Rosenau,lrosenau6q@ft.com,Male,127.193.16.152
244,Dario,Volette,dvolette6r@yandex.ru,Male,193.229.150.28
245,Jenine,McAlinion,jmcalinion6s@soundcloud.com,Female,23.52.67.94
246,Amerigo,Weinberg,aweinberg6t@salon.com,Male,202.231.162.60
247,Dalt,Sessions,dsessions6u@ovh.net,Male,86.17.141.157
248,Benjy,Necolds,bnecolds6v@accuweather.com,Male,169.105.132.3
249,Alex,Shetliff,ashetliff6w@youtube.com,Non-binary,152.209.196.208
250,Gradey,Matoshin,gmatoshin6x@nifty.com,Polygender,255.225.236.198
251,Karee,Ghilardini,kghilardini6y@spotify.com,Female,242.23.87.156
252,Hermie,Orsman,horsman6z@weather.com,Male,213.81.92.14
253,Hobey,Obispo,hobispo70@ox.ac.uk,Male,38.70.227.208
254,Ken,Klamman,kklamman71@issuu.com,Male,218.249.61.222
255,Rowan,Crowne,rcrowne72@springer.com,Male,224.221.201.212
256,Birgit,Bussel,bbussel73@jugem.jp,Female,240.171.81.62
257,Addia,Mc Mechan,amcmechan74@scientificamerican.com,Female,3.54.225.51
258,Ralf,Slessor,rslessor75@addtoany.com,Genderqueer,81.54.65.60
259,Genna,Dalgety,gdalgety76@elpais.com,Female,212.7.111.6
260,Gustavo,Going,ggoing77@com.com,Male,213.117.78.230
261,Eward,Raraty,eraraty78@goodreads.com,Male,118.101.78.193
262,Trudey,Ribou,tribou79@ted.com,Female,82.78.42.194
263,Sully,Gierhard,sgierhard7a@biblegateway.com,Male,179.221.27.75
264,Cloris,Jacquemard,cjacquemard7b@epa.gov,Female,104.2.110.201
265,Daryl,Bleackly,dbleackly7c@squarespace.com,Female,166.125.94.187
266,Adelina,Binfield,abinfield7d@unblog.fr,Female,94.205.208.197
267,Oralle,Lippini,olippini7e@ox.ac.uk,Female,28.94.170.204
268,Augusto,Fritchley,afritchley7f@ucsd.edu,Male,255.8.87.214
269,Nilson,Kohring,nkohring7g@taobao.com,Male,208.181.4.196
270,Dilan,Patrickson,dpatrickson7h@purevolume.com,Male,193.242.77.182
271,Mellisa,Matijasevic,mmatijasevic7i@google.it,Female,153.147.141.83
272,Rosella,Schwandermann,rschwandermann7j@arizona.edu,Female,62.244.5.89
273,Falkner,Denyagin,fdenyagin7k@blog.com,Male,190.55.134.150
274,Christine,Dewberry,cdewberry7l@wordpress.org,Female,193.242.247.184
275,Amble,Boag,aboag7m@nyu.edu,Male,53.90.120.77
276,Jennette,Cockshott,jcockshott7n@indiegogo.com,Female,111.157.133.211
277,Mohandas,Maulin,mmaulin7o@odnoklassniki.ru,Male,30.90.105.152
278,Loralyn,Cownden,lcownden7p@163.com,Female,95.141.54.22
279,Auria,Nissle,anissle7q@psu.edu,Female,75.237.143.182
280,Holmes,Morland,hmorland7r@dropbox.com,Male,152.146.57.246
281,Jocko,Wohlers,jwohlers7s@slashdot.org,Genderqueer,32.151.183.179
282,Edmund,Pittle,epittle7t@adobe.com,Male,112.127.240.25
283,Ailee,McMeekin,amcmeekin7u@lulu.com,Female,52.181.82.248
284,Freda,Erskine Sandys,ferskinesandys7v@youtu.be,Female,60.84.213.49
285,Margit,Aylott,maylott7w@sohu.com,Female,200.78.167.44
286,Sigvard,Leadstone,sleadstone7x@dell.com,Male,17.87.12.49
287,Thorny,Point,tpoint7y@huffingtonpost.com,Male,158.107.97.72
288,Sheri,Sprowell,ssprowell7z@time.com,Female,212.118.254.211
289,Cal,Headley,cheadley80@bbb.org,Female,70.139.198.242
290,Tiffie,Kraut,tkraut81@va.gov,Female,28.222.183.216
291,La verne,Wudeland,lwudeland82@livejournal.com,Female,230.10.38.87
292,Giulia,Suggett,gsuggett83@bizjournals.com,Female,20.81.224.5
293,Heddie,Jacobowits,hjacobowits84@google.fr,Female,132.236.174.232
294,Constanta,Burgill,cburgill85@posterous.com,Female,86.194.19.243
295,Roderich,Rowes,rrowes86@drupal.org,Genderqueer,85.149.213.246
296,Kenton,Weinham,kweinham87@illinois.edu,Non-binary,240.31.192.99
297,Nevins,O'Gormley,nogormley88@tuttocitta.it,Genderqueer,73.184.219.21
298,Vera,Giercke,vgiercke89@angelfire.com,Female,85.208.102.63
299,Fairfax,Desquesnes,fdesquesnes8a@w3.org,Male,185.187.3.84
300,Gerald,Flewitt,gflewitt8b@howstuffworks.com,Male,142.8.211.25
301,Haroun,Dellit,hdellit8c@indiegogo.com,Male,195.64.37.90
302,Burt,Swatradge,bswatradge8d@feedburner.com,Agender,40.187.181.81
303,Holli,Boynes,hboynes8e@ning.com,Female,15.74.143.237
304,Marshall,Cronin,mcronin8f@scribd.com,Male,68.3.254.188
305,Chelsie,Murricanes,cmurricanes8g@edublogs.org,Female,200.157.159.252
306,Lorette,Izen,lizen8h@unblog.fr,Female,102.76.78.89
307,Frannie,Burchess,fburchess8i@booking.com,Male,214.163.157.9
308,Lurline,Beaten,lbeaten8j@clickbank.net,Female,89.237.31.144
309,Nanci,Shallow,nshallow8k@geocities.com,Female,212.24.106.68
310,Teddy,Tschiersch,ttschiersch8l@bizjournals.com,Male,22.186.220.50
311,Skell,Dysart,sdysart8m@clickbank.net,Male,216.137.131.16
312,Elsie,Figura,efigura8n@cpanel.net,Female,8.73.65.47
313,Krista,Clough,kclough8o@hhs.gov,Female,153.70.5.44
314,Elisabeth,Ekkel,eekkel8p@soup.io,Female,152.218.95.134
315,Lucy,Buick,lbuick8q@comsenz.com,Female,241.84.179.195
316,Coralie,Mence,cmence8r@china.com.cn,Polygender,65.59.55.28
317,Douglass,Baugham,dbaugham8s@eepurl.com,Male,77.92.188.229
318,Birgitta,Forton,bforton8t@usatoday.com,Female,216.21.66.187
319,Algernon,Boyen,aboyen8u@a8.net,Male,79.200.39.53
320,Cosme,Sidaway,csidaway8v@ftc.gov,Male,128.2.30.177
321,Marie,Headech,mheadech8w@wikimedia.org,Female,108.101.221.178
322,Petronia,Fairlie,pfairlie8x@blogtalkradio.com,Female,47.93.130.241
323,Kipper,Leonard,kleonard8y@utexas.edu,Male,68.225.32.113
324,Heinrick,Bedwell,hbedwell8z@jigsy.com,Bigender,25.38.194.196
325,Creigh,Bannister,cbannister90@xing.com,Male,211.224.234.249
326,Heidie,Wheelwright,hwheelwright91@angelfire.com,Female,240.174.154.206
327,Hercule,Mease,hmease92@scientificamerican.com,Male,27.0.93.57
328,Scottie,Greatbach,sgreatbach93@usa.gov,Male,59.136.23.19
329,Brannon,Euesden,beuesden94@cyberchimps.com,Male,133.122.34.8
330,Andria,Brantl,abrantl95@domainmarket.com,Female,100.213.167.55
331,Corenda,Armistead,carmistead96@admin.ch,Female,152.251.74.218
332,Lauren,Pack,lpack97@boston.com,Male,154.207.64.35
333,Kelci,Applebee,kapplebee98@csmonitor.com,Female,123.186.60.18
334,Jonathon,Beedon,jbeedon99@weebly.com,Male,125.67.152.243
335,Hillel,Gostling,hgostling9a@ox.ac.uk,Male,76.236.187.52
336,Gabriell,Boschmann,gboschmann9b@admin.ch,Agender,171.224.253.168
337,Marten,Fearne,mfearne9c@moonfruit.com,Male,187.79.46.210
338,Erinn,Sinyard,esinyard9d@wsj.com,Female,78.161.7.133
339,Klement,Medlin,kmedlin9e@mozilla.com,Male,10.178.191.204
340,Vassili,Olanda,volanda9f@yandex.ru,Male,216.138.62.96
341,Abbott,Niblo,aniblo9g@ycombinator.com,Male,47.62.192.148
342,Corey,Richardes,crichardes9h@hubpages.com,Male,218.15.147.189
343,Page,Capstaff,pcapstaff9i@woothemes.com,Female,116.94.253.5
344,Brit,Fibbitts,bfibbitts9j@php.net,Male,55.136.216.240
345,Friedrick,Barmadier,fbarmadier9k@microsoft.com,Male,29.189.41.149
346,Salomo,Oller,soller9l@cisco.com,Male,59.114.251.50
347,Scot,Clineck,sclineck9m@engadget.com,Male,126.95.81.132
348,April,Albro,aalbro9n@rambler.ru,Female,46.247.103.210
349,Marilee,Dace,mdace9o@studiopress.com,Genderfluid,196.68.33.159
350,Thaxter,Giottini,tgiottini9p@businessweek.com,Male,105.32.6.161
351,Bowie,Blazynski,bblazynski9q@google.it,Agender,94.26.155.195
352,Jerad,Spark,jspark9r@naver.com,Male,150.87.115.116
353,Cathleen,Verbrugge,cverbrugge9s@msn.com,Female,137.224.6.223
354,Marlow,Macro,mmacro9t@tripadvisor.com,Male,133.148.29.65
355,Gus,Geipel,ggeipel9u@drupal.org,Male,75.214.171.200
356,Sheila-kathryn,Antonietti,santonietti9v@amazon.co.uk,Female,217.78.73.72
357,Nealy,Morch,nmorch9w@naver.com,Male,242.23.54.19
358,Devora,Izhaky,dizhaky9x@networksolutions.com,Female,157.181.33.216
359,Tabbatha,Brannigan,tbrannigan9y@merriam-webster.com,Female,96.14.40.206
360,Tome,Shay,tshay9z@jimdo.com,Male,82.151.150.65
361,Kaine,Currer,kcurrera0@guardian.co.uk,Male,26.214.84.153
362,Shelby,Keese,skeesea1@weebly.com,Male,183.88.46.32
363,Stefanie,Logsdale,slogsdalea2@hubpages.com,Agender,124.242.44.244
364,Carlee,Gellately,cgellatelya3@ucla.edu,Female,185.29.171.229
365,Delmar,Buckby,dbuckbya4@answers.com,Male,216.240.84.27
366,Constancia,Fantone,cfantonea5@indiegogo.com,Female,151.247.98.73
367,Eugene,Bessant,ebessanta6@ucsd.edu,Male,41.19.215.54
368,Noelani,Zwicker,nzwickera7@github.com,Bigender,48.143.21.157
369,Jonah,Longhi,jlonghia8@hubpages.com,Male,55.226.66.235
370,Thorpe,Dugmore,tdugmorea9@liveinternet.ru,Male,146.117.74.67
371,Jedediah,Slocombe,jslocombeaa@mit.edu,Male,147.160.140.164
372,Rob,Mattia,rmattiaab@zimbio.com,Male,91.0.170.251
373,Jasmine,Cotman,jcotmanac@flavors.me,Female,193.118.45.79
374,Anabella,Mc Elory,amceloryad@wikia.com,Female,207.189.125.21
375,Beverie,Lumox,blumoxae@hibu.com,Female,81.253.222.98
376,Baryram,Sympson,bsympsonaf@mtv.com,Male,213.131.207.115
377,Orson,Furniss,ofurnissag@e-recht24.de,Non-binary,45.157.59.18
378,Barnabas,Paull,bpaullah@wordpress.org,Male,248.246.12.138
379,Bambi,Ortiga,bortigaai@drupal.org,Female,36.62.92.51
380,Geralda,Tungay,gtungayaj@state.gov,Female,77.30.216.246
381,Jack,Strut,jstrutak@hugedomains.com,Non-binary,249.118.122.73
382,Thea,Purkis,tpurkisal@slideshare.net,Female,4.252.26.243
383,Tamas,Colthard,tcolthardam@kickstarter.com,Male,63.181.8.249
384,Wally,Georgeot,wgeorgeotan@cpanel.net,Male,161.104.135.253
385,Ailene,Tarney,atarneyao@yelp.com,Female,15.70.247.138
386,Bonni,Showen,bshowenap@wufoo.com,Female,203.226.37.8
387,Brandtr,Caulder,bcaulderaq@bloglovin.com,Male,254.92.198.145
388,Lenka,Cruxton,lcruxtonar@harvard.edu,Female,151.9.219.94
389,Pall,Galletley,pgalletleyas@geocities.jp,Male,219.1.98.147
390,Eddy,Beert,ebeertat@newsvine.com,Female,121.61.81.49
391,Jordan,Whifen,jwhifenau@addthis.com,Male,4.80.220.84
392,Nolana,Spencers,nspencersav@businesswire.com,Female,76.208.29.24
393,Josselyn,Sinkings,jsinkingsaw@mac.com,Female,126.41.137.189
394,Lyndsie,Penna,lpennaax@nyu.edu,Female,250.229.228.23
395,Ange,Wyllie,awyllieay@edublogs.org,Male,242.94.0.55
396,Pete,Cullivan,pcullivanaz@umich.edu,Male,29.221.58.28
397,Cyndie,Borzone,cborzoneb0@phpbb.com,Agender,75.237.20.201
398,Aleen,Germain,agermainb1@liveinternet.ru,Female,18.55.109.206
399,Ceil,Holtaway,choltawayb2@discovery.com,Female,184.5.100.17
400,Prescott,Thoumasson,pthoumassonb3@elpais.com,Male,247.220.65.156
401,Nyssa,Jefferys,njefferysb4@yelp.com,Female,183.14.215.143
402,Olva,Roskell,oroskellb5@hibu.com,Female,150.129.217.94
403,Adrian,Esland,aeslandb6@simplemachines.org,Female,253.15.225.144
404,Enos,Itzkovwich,eitzkovwichb7@newyorker.com,Male,99.9.102.197
405,Yank,Woollcott,ywoollcottb8@soup.io,Male,22.1.175.146
406,Richard,Bizley,rbizleyb9@wufoo.com,Male,72.78.137.42
407,Pavel,Cargill,pcargillba@stanford.edu,Male,226.84.216.58
408,Finley,Doidge,fdoidgebb@de.vu,Male,159.223.87.87
409,Phineas,Culvey,pculveybc@imageshack.us,Male,102.109.173.137
410,Maddi,Jest,mjestbd@diigo.com,Female,227.215.51.151
411,Patrizia,McAuslan,pmcauslanbe@tripod.com,Female,207.118.61.173
412,Eduino,Sprosson,esprossonbf@google.com.br,Male,70.80.144.118
413,Cris,Renfrew,crenfrewbg@people.com.cn,Male,202.76.141.203
414,Enrichetta,Crouse,ecrousebh@jimdo.com,Female,126.228.209.129
415,Clarita,Morville,cmorvillebi@weather.com,Female,60.73.249.210
416,Kirsti,Ofener,kofenerbj@quantcast.com,Female,78.141.6.32
417,Joane,Banaszkiewicz,jbanaszkiewiczbk@upenn.edu,Female,191.141.144.156
418,Briant,Suttaby,bsuttabybl@smh.com.au,Male,100.89.30.11
419,Kayley,Pedel,kpedelbm@clickbank.net,Genderqueer,34.48.55.102
420,Shelba,Challener,schallenerbn@cdc.gov,Female,64.179.91.8
421,Webb,Buttfield,wbuttfieldbo@bravesites.com,Male,108.37.34.17
422,Karie,Airlie,kairliebp@printfriendly.com,Female,184.154.229.38
423,Brent,Bull,bbullbq@imdb.com,Male,221.195.96.51
424,Damita,Izak,dizakbr@reverbnation.com,Female,46.42.48.184
425,Brear,Easterling,beasterlingbs@facebook.com,Non-binary,27.106.68.224
426,Tessy,Thorius,tthoriusbt@yellowbook.com,Female,55.77.62.54
427,Fredrika,O'Heaney,foheaneybu@reuters.com,Female,230.116.44.159
428,Gisella,Irdale,girdalebv@forbes.com,Female,98.188.108.141
429,Jorrie,Labone,jlabonebw@stumbleupon.com,Female,207.208.27.176
430,Franny,Blumer,fblumerbx@cisco.com,Female,90.121.21.158
431,Lavinie,Hamner,lhamnerby@newyorker.com,Female,170.125.178.33
432,Kain,Jansie,kjansiebz@howstuffworks.com,Agender,60.255.227.197
433,Annabal,Henriques,ahenriquesc0@themeforest.net,Female,143.235.140.171
434,Gearalt,Dentith,gdentithc1@hud.gov,Male,221.209.207.29
435,Bernice,Wakely,bwakelyc2@army.mil,Female,107.46.46.221
436,Ximenez,Slaymaker,xslaymakerc3@ox.ac.uk,Male,235.176.77.166
437,Woody,Flucks,wflucksc4@squidoo.com,Genderfluid,98.191.177.70
438,Theodosia,Adderley,tadderleyc5@rediff.com,Female,141.119.89.162
439,Celie,Bartot,cbartotc6@posterous.com,Female,26.104.249.57
440,Emmy,Gifkins,egifkinsc7@ebay.com,Male,2.95.230.37
441,Linoel,Pert,lpertc8@weather.com,Male,202.109.40.101
442,Farlie,Renne,frennec9@mtv.com,Male,237.75.204.14
443,Keelby,Smallsman,ksmallsmanca@unicef.org,Male,101.97.88.243
444,Genia,D'Aguanno,gdaguannocb@exblog.jp,Female,5.142.13.190
445,Major,Lube,mlubecc@oakley.com,Male,227.53.145.19
446,Bettina,Stanyforth,bstanyforthcd@goo.ne.jp,Female,180.197.179.250
447,Shani,Gorelli,sgorellice@behance.net,Female,202.88.194.154
448,Sindee,Huegett,shuegettcf@jimdo.com,Female,126.199.41.52
449,Bellanca,Levens,blevenscg@miitbeian.gov.cn,Female,84.105.72.248
450,Mattie,Mallock,mmallockch@cocolog-nifty.com,Male,60.64.30.42
451,Arther,Acey,aaceyci@discuz.net,Male,180.69.93.31
452,Aubrette,Antuk,aantukcj@aol.com,Female,224.69.84.101
453,Karita,Guice,kguiceck@123-reg.co.uk,Non-binary,190.58.114.142
454,Lacee,Hupka,lhupkacl@japanpost.jp,Bigender,77.97.46.85
455,Edouard,Folder,efoldercm@mail.ru,Male,126.61.103.29
456,Tiertza,Roncelli,troncellicn@theatlantic.com,Polygender,27.150.241.53
457,Lindsy,Wolland,lwollandco@ameblo.jp,Female,32.200.211.123
458,Gasparo,Partridge,gpartridgecp@tinyurl.com,Male,138.19.27.152
459,Moira,Minear,mminearcq@gravatar.com,Female,101.62.11.239
460,Taryn,Adamovitz,tadamovitzcr@seattletimes.com,Female,71.248.96.202
461,Roz,McRamsey,rmcramseycs@sitemeter.com,Female,33.114.247.83
462,Rodi,Rumbellow,rrumbellowct@google.fr,Female,253.28.36.193
463,Ralph,Weatherdon,rweatherdoncu@mtv.com,Male,86.183.69.83
464,Ottilie,Wraight,owraightcv@blinklist.com,Female,72.253.58.62
465,Manda,Bollam,mbollamcw@newyorker.com,Female,255.120.19.92
466,Kenon,Oakeshott,koakeshottcx@aboutads.info,Male,67.28.4.221
467,Gearalt,Beeken,gbeekency@businessinsider.com,Male,36.221.145.91
468,Doralia,Swiffan,dswiffancz@businesswire.com,Female,97.15.191.7
469,William,Gosby,wgosbyd0@wikimedia.org,Male,203.37.164.96
470,Angelique,Blakemore,ablakemored1@edublogs.org,Female,233.203.124.226
471,Guillaume,Wakeley,gwakeleyd2@purevolume.com,Male,254.3.28.189
472,Tan,Broz,tbrozd3@home.pl,Polygender,14.193.74.92
473,Tymon,Mendenhall,tmendenhalld4@columbia.edu,Polygender,94.67.45.106
474,Calida,Parr,cparrd5@vistaprint.com,Female,13.33.187.177
475,Rozele,Recke,rrecked6@booking.com,Female,123.235.29.142
476,Abagail,Dumini,aduminid7@kickstarter.com,Non-binary,125.94.48.228
477,Zaria,Scully,zscullyd8@usa.gov,Female,91.13.21.84
478,Vin,Cancelier,vcancelierd9@ucoz.com,Female,237.165.198.167
479,Eb,Zannetti,ezannettida@quantcast.com,Agender,235.167.212.211
480,Gregorio,Fanthome,gfanthomedb@addthis.com,Polygender,63.215.137.28
481,Helge,Handyside,hhandysidedc@360.cn,Female,36.207.51.107
482,Bethina,Popelay,bpopelaydd@qq.com,Female,172.109.59.183
483,Allan,Camillo,acamillode@ft.com,Male,65.203.81.224
484,Brantley,Crowden,bcrowdendf@vimeo.com,Male,63.238.90.174
485,Rosalyn,Kelbie,rkelbiedg@w3.org,Female,35.92.75.51
486,Jourdain,Patchett,jpatchettdh@redcross.org,Male,234.40.231.186
487,Selena,Jewsbury,sjewsburydi@blogspot.com,Female,228.59.225.25
488,Fina,Mourbey,fmourbeydj@bing.com,Female,73.127.153.229
489,Gennifer,Hullah,ghullahdk@statcounter.com,Female,51.195.148.110
490,Skipper,Alger,salgerdl@ehow.com,Male,65.204.245.18
491,Orbadiah,Pawelski,opawelskidm@pen.io,Male,31.101.19.210
492,Marilin,Featherstone,mfeatherstonedn@privacy.gov.au,Female,201.201.129.229
493,Heather,Beckerleg,hbeckerlegdo@cargocollective.com,Female,188.175.166.23
494,Odo,Muscott,omuscottdp@constantcontact.com,Male,140.194.230.83
495,Tadd,Abys,tabysdq@blog.com,Male,210.37.168.123
496,Carolynn,Overshott,covershottdr@ycombinator.com,Female,206.100.31.242
497,Marnie,Okker,mokkerds@phoca.cz,Female,251.234.94.168
498,Winthrop,Foxten,wfoxtendt@intel.com,Male,77.154.173.10
499,Sayer,Laurenty,slaurentydu@wordpress.org,Male,102.203.94.200
500,Nealy,Phlippsen,nphlippsendv@intel.com,Male,30.231.88.247
501,Peggi,Stoffel,pstoffeldw@prlog.org,Female,167.85.60.250
502,Tucky,Polglase,tpolglasedx@canalblog.com,Male,130.14.187.36
503,Darin,Shambroke,dshambrokedy@ted.com,Male,74.36.193.162
504,Tarah,Drewes,tdrewesdz@wordpress.org,Female,228.93.132.45
505,Sander,Ablett,sablette0@list-manage.com,Agender,252.173.146.169
506,Tonye,Callicott,tcallicotte1@amazon.co.jp,Non-binary,46.139.248.31
507,Trevar,Leebeter,tleebetere2@discuz.net,Male,198.175.60.165
508,Eddie,Rhoades,erhoadese3@wix.com,Male,10.116.83.213
509,Sibeal,Wohler,swohlere4@yahoo.co.jp,Female,202.150.18.163
510,Mireielle,Rackham,mrackhame5@ovh.net,Genderfluid,48.134.159.127
511,Randolph,Sever,rsevere6@goo.ne.jp,Male,36.221.135.232
512,Genia,Lundon,glundone7@apache.org,Female,131.65.102.134
513,Dix,Maudling,dmaudlinge8@wufoo.com,Female,162.121.0.179
514,Kizzee,Stenners,kstennerse9@wp.com,Female,165.195.60.129
515,Carmina,Terrelly,cterrellyea@bloomberg.com,Female,158.254.43.72
516,Reuven,Schwaiger,rschwaigereb@wordpress.com,Male,64.116.236.106
517,Thelma,Sidnall,tsidnallec@jimdo.com,Female,45.203.129.203
518,Konstance,Dight,kdighted@alibaba.com,Female,2.157.17.199
519,Hilliary,McCamish,hmccamishee@cdbaby.com,Female,107.27.26.251
520,Felix,Dakhov,fdakhovef@elpais.com,Male,79.106.143.237
521,Kaine,Sockell,ksockelleg@wired.com,Male,165.166.129.246
522,Jsandye,Benwell,jbenwelleh@nymag.com,Female,29.64.109.185
523,Melosa,Pim,mpimei@ehow.com,Female,137.229.96.204
524,Barry,Borrell,bborrellej@hostgator.com,Male,167.3.141.172
525,Maggi,Deppen,mdeppenek@geocities.com,Female,21.181.145.37
526,Geno,Skipsea,gskipseael@123-reg.co.uk,Male,184.242.63.193
527,Tremaine,Epton,teptonem@msn.com,Male,37.253.181.61
528,Samaria,Whitlaw,swhitlawen@auda.org.au,Female,33.197.59.0
529,Sawyere,Wilse,swilseeo@etsy.com,Male,214.206.92.202
530,Vilhelmina,Cumine,vcumineep@icq.com,Female,57.112.226.124
531,Austina,Blanc,ablanceq@wikia.com,Female,199.9.88.224
532,Fae,Pleven,fplevener@boston.com,Female,107.87.194.235
533,Tully,Dragon,tdragones@mysql.com,Male,217.132.27.20
534,Hirsch,Pepin,hpepinet@aol.com,Male,198.85.156.107
535,Egan,Kenefick,ekenefickeu@ucla.edu,Male,73.209.215.111
536,Tanya,Emlyn,temlynev@artisteer.com,Genderfluid,58.155.70.210
537,Rick,Quartermaine,rquartermaineew@state.gov,Male,191.167.87.239
538,Nicky,Python,npythonex@aol.com,Female,82.74.222.135
539,Bonnee,Batistelli,bbatistelliey@php.net,Female,48.159.29.91
540,Bert,Rhydderch,brhydderchez@cbsnews.com,Female,106.48.245.173
541,Sigismond,Salamon,ssalamonf0@technorati.com,Male,70.69.123.43
542,Rainer,Capaldi,rcapaldif1@blogger.com,Male,138.106.228.69
543,Ike,Crowd,icrowdf2@google.cn,Male,13.220.53.140
544,Andeee,Gye,agyef3@cbslocal.com,Female,136.165.182.248
545,Tuckie,Aylott,taylottf4@istockphoto.com,Male,158.213.145.147
546,Garfield,Coyle,gcoylef5@oaic.gov.au,Male,251.210.27.248
547,Inigo,Whitear,iwhitearf6@apple.com,Male,188.205.220.164
548,Jerome,Pauel,jpauelf7@chicagotribune.com,Male,165.120.59.137
549,Alexi,Mussington,amussingtonf8@liveinternet.ru,Female,181.218.75.215
550,Harriette,Liddon,hliddonf9@twitter.com,Female,184.206.250.25
551,Ave,Perrott,aperrottfa@army.mil,Male,223.183.246.186
552,Alanna,Bruckent,abruckentfb@redcross.org,Female,130.105.210.109
553,Malissa,Lukock,mlukockfc@yahoo.co.jp,Female,153.24.226.94
554,Xever,Richt,xrichtfd@dedecms.com,Male,15.24.50.224
555,Dermot,Philbrook,dphilbrookfe@tumblr.com,Male,223.81.161.158
556,Consuelo,Ivanenkov,civanenkovff@51.la,Female,202.165.235.38
557,Chiarra,Longthorne,clongthornefg@google.ru,Female,63.194.95.203
558,Pooh,Dadge,pdadgefh@unesco.org,Female,177.208.109.178
559,Sigismond,O'Cuddie,socuddiefi@linkedin.com,Male,144.108.97.36
560,Phaidra,Collicott,pcollicottfj@columbia.edu,Female,215.27.218.233
561,Lev,Wemes,lwemesfk@about.me,Non-binary,86.200.42.242
562,Sigmund,Trenholm,strenholmfl@booking.com,Male,23.251.165.58
563,Inna,Lahiff,ilahifffm@cornell.edu,Female,217.108.103.212
564,Tome,Mougin,tmouginfn@soundcloud.com,Male,61.26.182.46
565,Blaine,Mangeney,bmangeneyfo@fda.gov,Male,105.70.191.79
566,Bartie,Wildish,bwildishfp@jalbum.net,Male,97.164.41.144
567,Janine,Lafuente,jlafuentefq@hhs.gov,Female,169.194.209.137
568,Shana,Lamputt,slamputtfr@nba.com,Female,51.42.134.221
569,Jackie,Fairholme,jfairholmefs@usa.gov,Female,158.141.71.25
570,Hestia,Brettell,hbrettellft@dagondesign.com,Female,14.13.60.147
571,Prudence,Scroggins,pscrogginsfu@github.com,Female,170.27.128.154
572,Fiann,Samworth,fsamworthfv@yahoo.com,Female,106.192.73.86
573,Hilly,Giraudo,hgiraudofw@zdnet.com,Male,233.195.192.41
574,Katleen,Hadingham,khadinghamfx@w3.org,Female,210.85.64.71
575,Royall,Runnicles,rrunniclesfy@tripod.com,Male,7.62.23.87
576,Ibby,Devigne,idevignefz@merriam-webster.com,Female,132.217.103.191
577,Kristi,Reims,kreimsg0@bloomberg.com,Female,94.235.29.67
578,Mahmud,Lindstrom,mlindstromg1@kickstarter.com,Male,96.29.229.117
579,Budd,Norewood,bnorewoodg2@economist.com,Male,128.46.233.116
580,Tuckie,Esmead,tesmeadg3@xing.com,Male,189.114.14.250
581,Barny,Sorrill,bsorrillg4@qq.com,Male,225.97.248.248
582,Cosme,Rehm,crehmg5@creativecommons.org,Male,28.65.106.237
583,Annmarie,Rowlstone,arowlstoneg6@mapquest.com,Female,132.29.97.97
584,Donella,Korbmaker,dkorbmakerg7@trellian.com,Female,61.128.197.114
585,Lauree,Popham,lpophamg8@yale.edu,Female,62.96.49.72
586,Gris,Poacher,gpoacherg9@ucoz.ru,Male,101.85.158.120
587,Pierette,Theurer,ptheurerga@paypal.com,Female,10.117.73.126
588,Leodora,McOmish,lmcomishgb@icio.us,Female,35.232.223.188
589,Holly-anne,Goodyear,hgoodyeargc@infoseek.co.jp,Female,23.182.18.155
590,Winthrop,Perassi,wperassigd@phoca.cz,Male,37.109.53.224
591,Gerri,Ghilardi,gghilardige@oakley.com,Female,226.202.143.233
592,Rachele,Boram,rboramgf@theatlantic.com,Female,59.157.234.90
593,Starla,Balderston,sbalderstongg@wikimedia.org,Genderqueer,48.203.113.35
594,Siusan,McGrorty,smcgrortygh@buzzfeed.com,Female,61.171.113.197
595,Ezri,Crew,ecrewgi@hc360.com,Male,218.22.157.39
596,Faulkner,Peak,fpeakgj@paypal.com,Male,88.168.90.127
597,Cosmo,Brownell,cbrownellgk@msu.edu,Male,84.88.4.29
598,Iolande,Fuzzey,ifuzzeygl@cafepress.com,Female,46.33.172.221
599,Krishnah,O'Day,kodaygm@51.la,Male,94.21.185.0
600,Keene,Wanka,kwankagn@noaa.gov,Male,118.236.81.132
601,Val,Ewence,vewencego@chicagotribune.com,Female,59.214.217.118
602,Skyler,McCroary,smccroarygp@edublogs.org,Male,207.178.21.231
603,Celesta,Geistmann,cgeistmanngq@dropbox.com,Female,212.37.23.237
604,Kippie,Marzello,kmarzellogr@drupal.org,Male,236.149.186.196
605,Pieter,Holby,pholbygs@mozilla.org,Male,49.118.123.4
606,Elizabeth,Bernetti,ebernettigt@foxnews.com,Female,131.75.103.143
607,Frayda,Pattesall,fpattesallgu@twitpic.com,Female,154.143.135.9
608,Otha,Areles,oarelesgv@house.gov,Female,144.10.59.165
609,Danyette,Foster-Smith,dfostersmithgw@ezinearticles.com,Female,171.14.6.141
610,Miller,McFie,mmcfiegx@pinterest.com,Male,119.108.126.179
611,Laurena,Clowes,lclowesgy@scientificamerican.com,Female,94.254.1.239
612,Scotti,Carncross,scarncrossgz@amazon.co.jp,Male,171.23.158.48
613,Mortimer,Crepel,mcrepelh0@craigslist.org,Agender,63.48.230.97
614,Ardenia,Peebles,apeeblesh1@storify.com,Bigender,132.185.62.192
615,Thom,Morpeth,tmorpethh2@themeforest.net,Male,246.70.23.219
616,Bertrando,Cowlas,bcowlash3@homestead.com,Male,109.57.110.184
617,Lenna,Menichini,lmenichinih4@artisteer.com,Female,103.36.23.236
618,Miguel,Midghall,mmidghallh5@pbs.org,Genderqueer,213.236.140.140
619,Garfield,Motten,gmottenh6@dagondesign.com,Male,31.2.174.176
620,Lenna,Gleaves,lgleavesh7@nhs.uk,Female,179.122.35.48
621,Maure,Neem,mneemh8@indiegogo.com,Female,74.155.233.169
622,Consuelo,Temlett,ctemletth9@vinaora.com,Female,68.221.145.148
623,Weston,Yoslowitz,wyoslowitzha@zimbio.com,Male,204.29.245.65
624,Fallon,Terram,fterramhb@infoseek.co.jp,Female,77.105.184.75
625,Fulvia,Wardle,fwardlehc@alibaba.com,Female,47.30.173.205
626,Oliy,Attawell,oattawellhd@hibu.com,Female,156.74.74.161
627,Ollie,Postlewhite,opostlewhitehe@unblog.fr,Male,46.148.152.219
628,Janot,Campling,jcamplinghf@sohu.com,Female,193.189.190.234
629,Lucho,Harvey,lharveyhg@illinois.edu,Male,176.123.84.14
630,Bobbye,Trittam,btrittamhh@wordpress.org,Female,22.221.126.175
631,Bruno,McKnockiter,bmcknockiterhi@biblegateway.com,Male,44.36.163.7
632,Bartolomeo,Maciaszczyk,bmaciaszczykhj@timesonline.co.uk,Male,152.195.1.212
633,Daisey,Wenman,dwenmanhk@technorati.com,Female,175.246.165.162
634,Frankie,Ollerearnshaw,follerearnshawhl@sakura.ne.jp,Female,241.168.216.125
635,Curry,Towersey,ctowerseyhm@flickr.com,Male,161.186.181.236
636,Karlie,Turford,kturfordhn@yale.edu,Female,197.208.135.140
637,Gottfried,Wreford,gwrefordho@archive.org,Male,112.203.13.94
638,Kevina,Baden,kbadenhp@china.com.cn,Genderqueer,210.169.166.200
639,Field,Brandenburg,fbrandenburghq@liveinternet.ru,Male,41.104.235.167
640,Cynthie,Cornfoot,ccornfoothr@netvibes.com,Female,152.93.133.111
641,Rodolph,Maylor,rmaylorhs@soup.io,Male,249.27.68.119
642,Karel,Cawthera,kcawtheraht@histats.com,Male,224.213.191.237
643,Berne,Kalker,bkalkerhu@nih.gov,Male,144.111.240.8
644,Wade,Dallman,wdallmanhv@rediff.com,Male,170.188.242.233
645,Jeni,Moyler,jmoylerhw@google.co.jp,Female,71.224.237.53
646,Lana,Gilfether,lgilfetherhx@istockphoto.com,Female,11.224.23.239
647,Tansy,Bail,tbailhy@telegraph.co.uk,Female,244.117.250.67
648,Mylo,Haulkham,mhaulkhamhz@biblegateway.com,Male,134.185.172.77
649,Ricky,Skellorne,rskellornei0@weibo.com,Female,101.128.114.79
650,Gail,Kaley,gkaleyi1@fastcompany.com,Male,22.215.195.156
651,Hill,Etoile,hetoilei2@gravatar.com,Male,115.190.12.244
652,Dierdre,Cuttings,dcuttingsi3@google.es,Agender,68.18.77.153
653,Tawnya,Trayford,ttrayfordi4@booking.com,Female,13.225.198.158
654,Cherie,Ifill,cifilli5@miibeian.gov.cn,Female,86.20.59.60
655,Daphna,Bluck,dblucki6@hc360.com,Non-binary,198.123.176.142
656,Kennedy,Tregonna,ktregonnai7@jiathis.com,Male,226.221.79.248
657,Clim,Duker,cdukeri8@pinterest.com,Male,78.61.225.217
658,Cole,Lacroutz,clacroutzi9@cbc.ca,Male,25.202.16.221
659,Saraann,O'Ruane,soruaneia@google.de,Female,59.80.239.248
660,Somerset,Scade,sscadeib@cnn.com,Male,228.6.40.197
661,Moira,Forder,mforderic@yelp.com,Female,140.53.189.132
662,Hermy,Carswell,hcarswellid@gmpg.org,Male,116.18.232.246
663,Crin,Treen,ctreenie@buzzfeed.com,Genderfluid,244.140.208.129
664,Augusto,Blakeston,ablakestonif@ustream.tv,Male,186.58.64.196
665,Twyla,Crack,tcrackig@comsenz.com,Female,112.96.160.82
666,Selie,Befroy,sbefroyih@is.gd,Female,160.227.141.242
667,Emlyn,Langshaw,elangshawii@economist.com,Male,46.97.189.248
668,Vonni,Burdikin,vburdikinij@army.mil,Female,253.129.91.146
669,Bernetta,Gartin,bgartinik@bbb.org,Female,231.137.0.247
670,Ethyl,Jenicek,ejenicekil@loc.gov,Female,59.89.166.7
671,Selinda,Scanterbury,sscanterburyim@mapquest.com,Female,155.61.23.29
672,Danielle,Latta,dlattain@epa.gov,Female,19.16.10.245
673,Merrilee,Riddles,mriddlesio@umn.edu,Female,88.177.69.122
674,Gifford,O'Nowlan,gonowlanip@naver.com,Male,89.222.49.64
675,Jandy,Halliday,jhallidayiq@so-net.ne.jp,Female,92.26.64.194
676,Dael,Blondel,dblondelir@mit.edu,Female,147.70.146.34
677,Shepherd,Beek,sbeekis@irs.gov,Male,156.193.107.83
678,Patric,Simonou,psimonouit@columbia.edu,Male,97.187.7.10
679,Delmore,Kiera,dkieraiu@unesco.org,Male,79.50.162.49
680,Ruthann,MacFadin,rmacfadiniv@dagondesign.com,Female,13.80.180.234
681,Briano,Scotchmore,bscotchmoreiw@devhub.com,Male,78.117.8.167
682,Georgeanna,Aldred,galdredix@arstechnica.com,Female,21.219.15.197
683,Jdavie,Crockett,jcrockettiy@4shared.com,Male,3.112.66.222
684,Malinda,Cooksley,mcooksleyiz@amazon.co.jp,Female,18.238.189.125
685,Jakie,Park,jparkj0@seesaa.net,Genderqueer,46.74.129.224
686,Chere,Aymerich,caymerichj1@1688.com,Female,80.100.224.137
687,Gardner,Wilcock,gwilcockj2@tinypic.com,Male,198.138.248.228
688,Saundra,Spadazzi,sspadazzij3@cnn.com,Male,158.233.14.81
689,Sheri,Ghilardini,sghilardinij4@digg.com,Female,149.107.67.33
690,Darsie,Fancett,dfancettj5@ftc.gov,Female,209.97.223.21
691,Theo,Kunzel,tkunzelj6@friendfeed.com,Bigender,239.17.79.76
692,Karleen,Stain,kstainj7@umn.edu,Female,148.86.80.186
693,Franny,Dugue,fduguej8@unicef.org,Male,252.15.219.121
694,Fannie,Krojn,fkrojnj9@ft.com,Bigender,8.202.233.216
695,Nicola,Emmert,nemmertja@cam.ac.uk,Female,203.28.76.209
696,Winny,Wynne,wwynnejb@deliciousdays.com,Male,192.233.82.201
697,Constantia,Buckenham,cbuckenhamjc@blogspot.com,Female,37.51.234.90
698,Ulberto,Parke,uparkejd@gnu.org,Male,106.46.193.106
699,Timotheus,Langfitt,tlangfittje@hostgator.com,Male,171.195.239.177
700,Blinny,Shoosmith,bshoosmithjf@imdb.com,Female,125.73.8.14
701,Roger,Balam,rbalamjg@chronoengine.com,Male,198.235.82.136
702,Tomasine,Dornan,tdornanjh@studiopress.com,Female,14.65.71.67
703,Adelind,Labat,alabatji@posterous.com,Female,84.32.5.29
704,Floyd,Ambrus,fambrusjj@businesswire.com,Male,55.20.183.114
705,Kipp,Groucock,kgroucockjk@techcrunch.com,Female,124.6.76.142
706,Brand,Goding,bgodingjl@bbc.co.uk,Male,250.151.126.143
707,Bart,Sweetzer,bsweetzerjm@independent.co.uk,Male,187.228.252.194
708,Kim,De Cleyne,kdecleynejn@ebay.com,Female,154.234.179.191
709,Prentiss,Baptista,pbaptistajo@nbcnews.com,Genderqueer,253.133.160.9
710,Elita,Sale,esalejp@hugedomains.com,Female,86.227.220.38
711,Rafaelia,Rydzynski,rrydzynskijq@chronoengine.com,Female,117.248.140.47
712,Gladi,Yushkov,gyushkovjr@networkadvertising.org,Female,15.1.69.70
713,Milka,Pinks,mpinksjs@twitpic.com,Female,217.145.47.156
714,Glen,Hoff,ghoffjt@blogspot.com,Female,48.48.241.119
715,Duky,Rhead,drheadju@bing.com,Male,156.52.44.179
716,Pansy,Burgwin,pburgwinjv@macromedia.com,Female,28.15.27.189
717,Herminia,Cullum,hcullumjw@google.fr,Female,73.125.76.207
718,Morgen,Melsome,mmelsomejx@bloomberg.com,Male,36.127.99.249
719,Isis,Eldredge,ieldredgejy@pbs.org,Female,183.11.61.191
720,Augusto,McCrainor,amccrainorjz@wufoo.com,Male,72.148.30.91
721,Julia,Burdfield,jburdfieldk0@twitpic.com,Non-binary,143.193.107.91
722,Anallise,Vigneron,avigneronk1@businessinsider.com,Female,46.3.80.159
723,Jacob,Rijkeseis,jrijkeseisk2@icio.us,Male,92.239.164.188
724,Jackelyn,Fell,jfellk3@patch.com,Agender,43.15.78.62
725,Trudi,Caldayrou,tcaldayrouk4@dmoz.org,Female,76.123.16.206
726,Kean,Alpin,kalpink5@cdbaby.com,Male,71.150.153.126
727,Morgan,Wimpress,mwimpressk6@vk.com,Male,129.194.212.214
728,Jeremiah,Teare,jtearek7@bluehost.com,Male,166.145.148.45
729,Bailie,Winterson,bwintersonk8@upenn.edu,Male,159.5.51.147
730,Vere,Skeleton,vskeletonk9@parallels.com,Female,168.70.69.37
731,Sosanna,Geraldi,sgeraldika@marriott.com,Female,180.216.255.244
732,Karla,Youell,kyouellkb@dedecms.com,Non-binary,251.196.204.234
733,Benedetta,Kelk,bkelkkc@nasa.gov,Agender,162.165.117.129
734,Alyse,Veighey,aveigheykd@wisc.edu,Bigender,8.8.42.107
735,Jennine,Forth,jforthke@usgs.gov,Female,163.152.130.252
736,Damita,Bailess,dbailesskf@alibaba.com,Female,126.139.138.51
737,Pippy,Cowely,pcowelykg@ft.com,Female,71.114.21.186
738,Carolin,Vel,cvelkh@angelfire.com,Female,11.88.145.84
739,Gery,Andriuzzi,gandriuzziki@businessweek.com,Male,186.180.46.70
740,Jehanna,Roselli,jrosellikj@sina.com.cn,Female,10.130.93.185
741,Hedi,Carbery,hcarberykk@deviantart.com,Genderfluid,89.30.10.206
742,Byron,Lucio,bluciokl@hibu.com,Male,126.79.51.205
743,Babb,Mc Gaughey,bmcgaugheykm@addthis.com,Female,51.69.202.182
744,Lorrin,Scrace,lscracekn@amazon.co.uk,Female,207.197.156.126
745,Tully,Everall,teverallko@newyorker.com,Male,59.230.120.50
746,Helga,De Filippis,hdefilippiskp@drupal.org,Female,158.208.43.150
747,Andra,MacAnellye,amacanellyekq@psu.edu,Female,58.209.53.0
748,Alejandro,Reiling,areilingkr@earthlink.net,Male,72.108.30.247
749,Hillel,Chupin,hchupinks@jugem.jp,Male,11.197.46.241
750,Ailbert,Milmith,amilmithkt@wired.com,Male,113.20.131.92
751,Ted,Blei,tbleiku@ebay.co.uk,Bigender,251.153.126.144
752,Giovanna,Scalera,gscalerakv@stumbleupon.com,Female,31.127.1.217
753,Agosto,Tippler,atipplerkw@hp.com,Male,101.31.119.183
754,Jillie,McCathy,jmccathykx@unc.edu,Female,169.221.228.157
755,Aldon,Forrestall,aforrestallky@fda.gov,Male,150.134.84.80
756,Onfroi,Benoit,obenoitkz@google.pl,Male,187.62.143.218
757,Jerrie,McGonigle,jmcgoniglel0@whitehouse.gov,Female,153.103.23.219
758,Simone,Sawer,ssawerl1@ebay.com,Male,252.88.125.176
759,Jordanna,Dray,jdrayl2@microsoft.com,Female,124.129.150.124
760,Mikol,Oblein,mobleinl3@adobe.com,Male,103.245.90.46
761,Lukas,Ketton,lkettonl4@irs.gov,Male,115.70.72.192
762,Cissy,Powell,cpowelll5@desdev.cn,Genderqueer,234.151.249.59
763,Dre,Heardman,dheardmanl6@dion.ne.jp,Female,138.255.147.85
764,Malchy,Stitt,mstittl7@google.co.jp,Male,96.34.116.86
765,Delmore,Matijasevic,dmatijasevicl8@bravesites.com,Male,35.193.110.225
766,Arte,Middle,amiddlel9@phoca.cz,Male,103.33.85.235
767,Matt,Caplen,mcaplenla@merriam-webster.com,Male,2.112.17.206
768,Brenn,Stucke,bstuckelb@yelp.com,Female,129.46.179.192
769,Wendy,Swarbrigg,wswarbrigglc@chronoengine.com,Female,56.217.66.100
770,Ashlin,Goulbourne,agoulbourneld@sun.com,Male,254.249.133.125
771,Lissa,Crossan,lcrossanle@europa.eu,Female,184.235.242.254
772,Madeline,Le Blanc,mleblanclf@w3.org,Female,10.29.110.194
773,Maxie,Villa,mvillalg@qq.com,Male,83.85.36.132
774,Kass,Varnam,kvarnamlh@angelfire.com,Female,14.46.55.22
775,Danie,Archibould,darchibouldli@forbes.com,Male,80.184.80.15
776,Rebe,Kubik,rkubiklj@163.com,Female,121.248.191.50
777,Abner,De Bischof,adebischoflk@baidu.com,Male,188.37.235.73
778,Kelli,Lindenberg,klindenbergll@blogtalkradio.com,Female,50.106.67.136
779,Sherline,Starling,sstarlinglm@seesaa.net,Female,229.218.65.58
780,Shepherd,Wharrier,swharrierln@scribd.com,Male,197.190.237.48
781,Bradney,Feldfisher,bfeldfisherlo@jalbum.net,Male,57.26.191.38
782,Deny,Hadgraft,dhadgraftlp@qq.com,Female,165.17.185.214
783,Bellina,Olyff,bolyfflq@squidoo.com,Female,94.34.139.238
784,Brnaba,Yurocjkin,byurocjkinlr@harvard.edu,Male,206.181.198.229
785,Fionna,Snalom,fsnalomls@prnewswire.com,Genderqueer,182.110.50.31
786,Billye,Kidd,bkiddlt@prlog.org,Non-binary,94.142.77.104
787,Annissa,Furlow,afurlowlu@jalbum.net,Female,85.4.129.194
788,Thorsten,Rosensaft,trosensaftlv@ustream.tv,Male,223.130.253.137
789,Jemima,Luby,jlubylw@acquirethisname.com,Female,240.59.69.254
790,Elly,Snaith,esnaithlx@slashdot.org,Genderqueer,227.39.105.84
791,Dolly,Winwood,dwinwoodly@china.com.cn,Female,59.33.253.27
792,Zebadiah,Hastie,zhastielz@nih.gov,Bigender,31.127.228.136
793,Woodrow,Keepe,wkeepem0@printfriendly.com,Male,156.122.200.219
794,Hettie,Yashnov,hyashnovm1@hibu.com,Female,3.63.167.65
795,Billy,Dulinty,bdulintym2@parallels.com,Female,25.207.130.70
796,Jeremie,Blunsden,jblunsdenm3@redcross.org,Male,209.93.204.100
797,Barret,Beausang,bbeausangm4@bbc.co.uk,Male,218.8.125.80
798,Kimmi,Schiersch,kschierschm5@stumbleupon.com,Female,39.127.195.102
799,Dean,Ludovico,dludovicom6@phoca.cz,Male,213.44.122.239
800,Verene,Balmann,vbalmannm7@europa.eu,Female,162.104.133.113
801,Torrence,Clifford,tcliffordm8@etsy.com,Male,190.103.84.249
802,Karla,Reah,kreahm9@geocities.com,Female,198.191.40.137
803,Malena,Girhard,mgirhardma@businessinsider.com,Female,7.74.62.94
804,Carola,Hamments,chammentsmb@scientificamerican.com,Female,28.217.134.253
805,Rob,Vockins,rvockinsmc@theguardian.com,Genderfluid,128.120.75.218
806,Lorilee,Philipeaux,lphilipeauxmd@comcast.net,Female,49.20.70.59
807,Guntar,Moores,gmooresme@dedecms.com,Male,93.129.189.106
808,Colly,Carmen,ccarmenmf@un.org,Female,141.236.221.34
809,Wald,Tutchener,wtutchenermg@oracle.com,Male,228.180.233.97
810,Engracia,Barkaway,ebarkawaymh@phpbb.com,Female,115.238.231.207
811,Gabbey,Pieche,gpiechemi@prnewswire.com,Female,99.202.54.232
812,Kirby,Mapledoram,kmapledorammj@arstechnica.com,Male,246.186.230.138
813,Georgine,Rash,grashmk@vistaprint.com,Female,247.250.254.176
814,Stillmann,Cowely,scowelyml@squidoo.com,Non-binary,3.175.51.82
815,Holly,Gethen,hgethenmm@indiatimes.com,Female,151.81.64.181
816,Rebekah,Laughlan,rlaughlanmn@sitemeter.com,Female,254.243.122.35
817,Daisi,Whitesel,dwhiteselmo@harvard.edu,Female,231.131.196.5
818,Arlene,Impy,aimpymp@ftc.gov,Polygender,7.156.16.23
819,Adelaida,Worthing,aworthingmq@merriam-webster.com,Female,147.6.217.245
820,Merry,Lavery,mlaverymr@reverbnation.com,Female,2.113.133.89
821,Bard,Aleksashin,baleksashinms@skype.com,Male,127.238.185.12
822,Donnie,Nortcliffe,dnortcliffemt@wikia.com,Male,160.22.34.208
823,Roseann,Samme,rsammemu@hostgator.com,Female,163.170.215.185
824,Kipp,Seavers,kseaversmv@marriott.com,Male,241.128.30.5
825,Constantino,Binnion,cbinnionmw@nifty.com,Male,51.168.102.236
826,Elladine,Baumer,ebaumermx@g.co,Bigender,207.211.99.80
827,Gerrard,Clayal,gclayalmy@xing.com,Male,207.78.171.40
828,Ariel,O'Keefe,aokeefemz@businessweek.com,Male,223.108.236.234
829,Heather,Sollitt,hsollittn0@is.gd,Female,220.126.170.149
830,Quintilla,Covell,qcovelln1@jigsy.com,Female,80.88.169.150
831,Adelbert,Peers,apeersn2@mtv.com,Male,213.215.15.195
832,Aimee,Josephs,ajosephsn3@wikipedia.org,Female,217.211.226.72
833,Kendall,Mustill,kmustilln4@cnn.com,Male,31.164.81.88
834,Diane-marie,Steers,dsteersn5@reddit.com,Female,144.216.241.133
835,Khalil,Terbeck,kterbeckn6@stanford.edu,Male,225.162.0.206
836,Stesha,Perot,sperotn7@indiatimes.com,Non-binary,250.31.208.84
837,Carling,Alders,caldersn8@cmu.edu,Male,144.61.67.235
838,Brande,Janatka,bjanatkan9@nasa.gov,Female,164.218.77.213
839,Winnie,Narup,wnarupna@huffingtonpost.com,Female,193.20.92.151
840,Kendrick,Shotbolt,kshotboltnb@aol.com,Polygender,25.78.122.4
841,Ursala,Small,usmallnc@businessinsider.com,Female,250.84.52.157
842,Romola,Goulbourne,rgoulbournend@behance.net,Polygender,143.233.187.164
843,Misty,Stoodley,mstoodleyne@biglobe.ne.jp,Female,123.213.97.117
844,Russ,Shingler,rshinglernf@ft.com,Male,190.195.119.61
845,Ellwood,Ellett,eellettng@wikia.com,Male,188.152.90.241
846,Dickie,Dewane,ddewanenh@ehow.com,Male,171.117.245.184
847,Brady,Wanklin,bwanklinni@wsj.com,Agender,190.172.171.165
848,Justino,Shepstone,jshepstonenj@wix.com,Genderfluid,145.255.180.135
849,Moe,Trevino,mtrevinonk@yahoo.co.jp,Male,58.141.71.102
850,Kendall,Britzius,kbritziusnl@redcross.org,Male,185.248.145.35
851,Bunny,Basketter,bbasketternm@ow.ly,Female,73.28.6.95
852,Siegfried,Croad,scroadnn@nps.gov,Male,0.27.57.169
853,Gregorius,Raeburn,graeburnno@moonfruit.com,Male,71.163.13.148
854,Rici,Hatfield,rhatfieldnp@economist.com,Female,94.220.253.15
855,Harcourt,Embleton,hembletonnq@blogtalkradio.com,Male,52.221.43.187
856,Darrelle,Copestake,dcopestakenr@51.la,Genderfluid,77.70.21.214
857,Nedda,Olivi,nolivins@gnu.org,Female,182.251.29.71
858,Nolan,O'Shevlan,noshevlannt@examiner.com,Male,52.47.43.205
859,Starr,Hothersall,shothersallnu@i2i.jp,Female,237.145.224.114
860,Cahra,Manicom,cmanicomnv@ted.com,Female,233.194.7.78
861,Ashlen,Rivalland,arivallandnw@issuu.com,Female,48.170.57.31
862,Eolanda,Archanbault,earchanbaultnx@baidu.com,Female,17.89.89.30
863,Peria,O'Brogan,pobroganny@tinyurl.com,Non-binary,33.31.229.103
864,Ardenia,Brotheridge,abrotheridgenz@digg.com,Female,127.162.155.62
865,Alistair,Bigrigg,abigriggo0@artisteer.com,Male,80.254.56.62
866,Randolph,Michelle,rmichelleo1@cornell.edu,Male,125.176.163.14
867,Ignacio,Wotherspoon,iwotherspoono2@ted.com,Male,54.247.108.84
868,Batholomew,Bibey,bbibeyo3@opensource.org,Male,186.143.192.167
869,Kipp,Guilfoyle,kguilfoyleo4@miitbeian.gov.cn,Female,245.37.101.25
870,Charmaine,Nunns,cnunnso5@cornell.edu,Female,140.79.161.80
871,Elsworth,Stubbington,estubbingtono6@psu.edu,Male,222.151.224.124
872,Bunnie,Primarolo,bprimaroloo7@mozilla.com,Female,158.93.179.34
873,Garold,McConnal,gmcconnalo8@wsj.com,Male,93.32.55.131
874,Fionnula,Stern,fsterno9@xing.com,Female,34.192.196.12
875,Zsazsa,O'Riordan,zoriordanoa@statcounter.com,Female,8.129.174.55
876,Duke,Franzke,dfranzkeob@facebook.com,Male,34.96.236.88
877,Coretta,Fortman,cfortmanoc@privacy.gov.au,Female,63.185.32.207
878,Xylia,Linzee,xlinzeeod@yellowpages.com,Female,183.18.50.6
879,Candy,Feakins,cfeakinsoe@ustream.tv,Female,107.55.118.53
880,Hailey,Shrawley,hshrawleyof@dagondesign.com,Male,251.243.124.238
881,Pavlov,Rouse,prouseog@barnesandnoble.com,Bigender,193.77.182.61
882,Myrtle,Farmiloe,mfarmiloeoh@trellian.com,Female,66.185.172.218
883,Cecilia,Roth,crothoi@hexun.com,Female,202.189.120.251
884,Trix,Pomphrey,tpomphreyoj@xrea.com,Female,219.20.29.0
885,Monty,Sherrock,msherrockok@vkontakte.ru,Male,112.143.157.51
886,Stormi,Jedryka,sjedrykaol@aboutads.info,Female,148.95.119.132
887,Ruthie,Chiddy,rchiddyom@so-net.ne.jp,Female,209.26.154.126
888,Yancy,O'Brogan,yobroganon@uol.com.br,Male,206.134.95.214
889,Leonie,Edmead,ledmeadoo@imdb.com,Female,32.177.186.163
890,Iolande,Kopf,ikopfop@slideshare.net,Female,208.14.125.254
891,Rayna,Dilston,rdilstonoq@soundcloud.com,Female,158.24.113.27
892,Shepherd,Stebbins,sstebbinsor@networksolutions.com,Male,65.166.94.128
893,Horace,Amerighi,hamerighios@storify.com,Male,221.4.151.63
894,Randall,Benz,rbenzot@over-blog.com,Genderfluid,88.123.219.65
895,Brod,Pearson,bpearsonou@goo.ne.jp,Male,148.12.157.156
896,Allx,Dunlea,adunleaov@qq.com,Female,210.78.32.157
897,Thedrick,Goulborne,tgoulborneow@msu.edu,Male,187.65.12.242
898,Winn,Whitely,wwhitelyox@vinaora.com,Male,210.252.161.0
899,Oran,Scase,oscaseoy@google.ca,Male,38.166.202.46
900,Currey,Tanswell,ctanswelloz@51.la,Male,139.211.173.210
901,Bentlee,Anstie,banstiep0@wsj.com,Male,177.64.213.177
902,Mick,Mackett,mmackettp1@nydailynews.com,Male,209.227.145.56
903,Yancey,Berston,yberstonp2@mediafire.com,Male,165.255.237.76
904,Jordan,Ciciari,jciciarip3@live.com,Male,88.240.25.123
905,Alvan,Caldroni,acaldronip4@un.org,Male,138.130.7.255
906,Hammad,Durker,hdurkerp5@godaddy.com,Male,172.133.224.8
907,Aili,Dubock,adubockp6@cbsnews.com,Female,120.36.155.105
908,Alice,Batchelor,abatchelorp7@privacy.gov.au,Bigender,84.163.52.236
909,Rozella,Crispe,rcrispep8@about.me,Bigender,169.24.31.107
910,Reinwald,Satterfitt,rsatterfittp9@state.tx.us,Male,212.130.126.241
911,Klara,Riep,krieppa@istockphoto.com,Female,98.185.103.245
912,Annette,Menendes,amenendespb@rambler.ru,Female,58.5.180.69
913,Winifield,Fotherby,wfotherbypc@nbcnews.com,Male,166.71.130.111
914,Lillian,Misk,lmiskpd@weebly.com,Female,40.59.11.234
915,Bil,Doerling,bdoerlingpe@istockphoto.com,Male,12.154.52.254
916,Dixie,Wainer,dwainerpf@reuters.com,Female,185.189.17.14
917,Morris,Broggetti,mbroggettipg@elpais.com,Male,42.251.148.55
918,Tabatha,Gocher,tgocherph@webmd.com,Genderqueer,157.110.95.241
919,Immanuel,Hales,ihalespi@163.com,Male,67.244.138.152
920,Dylan,Godain,dgodainpj@taobao.com,Male,126.135.24.201
921,Dom,Colkett,dcolkettpk@arizona.edu,Male,36.193.189.128
922,Martino,Magwood,mmagwoodpl@webnode.com,Male,82.251.150.59
923,Murial,Sandall,msandallpm@unblog.fr,Female,134.211.113.99
924,Doretta,Pickless,dpicklesspn@hexun.com,Female,217.88.48.250
925,Yehudit,Keslake,ykeslakepo@goodreads.com,Male,3.75.215.4
926,Beniamino,Fairn,bfairnpp@merriam-webster.com,Male,161.57.144.90
927,Iolanthe,Zanicchi,izanicchipq@unblog.fr,Female,149.185.23.124
928,Dominik,Reicherz,dreicherzpr@imgur.com,Male,57.189.187.220
929,Calli,Paterson,cpatersonps@china.com.cn,Female,5.0.185.93
930,Stefano,Python,spythonpt@technorati.com,Male,237.88.215.193
931,Rosemonde,Lille,rlillepu@blog.com,Female,251.112.161.243
932,Lauren,Hallows,lhallowspv@cpanel.net,Female,45.174.71.228
933,Homere,Stenett,hstenettpw@npr.org,Male,189.18.14.88
934,Ralf,Romayn,rromaynpx@ning.com,Male,213.19.250.0
935,Monah,Husk,mhuskpy@barnesandnoble.com,Female,69.112.193.136
936,Francesca,Orrick,forrickpz@cnn.com,Female,81.69.28.30
937,Maximo,Murrell,mmurrellq0@cdbaby.com,Male,185.241.198.46
938,Zonda,Epine,zepineq1@ed.gov,Non-binary,30.152.236.220
939,Berkie,Gouley,bgouleyq2@hao123.com,Male,167.34.23.18
940,Alford,Challener,achallenerq3@independent.co.uk,Male,11.232.55.165
941,Shandy,Burbage,sburbageq4@cnet.com,Bigender,127.94.95.190
942,Denver,Gulk,dgulkq5@ning.com,Male,243.61.230.42
943,Ryley,Jozwiak,rjozwiakq6@google.com,Male,180.56.63.90
944,Tiffie,Lambricht,tlambrichtq7@vistaprint.com,Female,123.23.79.162
945,Garwin,Heis,gheisq8@free.fr,Male,9.123.9.244
946,Tallulah,Roust,troustq9@pen.io,Female,91.190.76.217
947,Codie,Gudde,cguddeqa@upenn.edu,Male,83.138.211.203
948,Clem,MacCahee,cmaccaheeqb@dedecms.com,Male,74.155.44.179
949,Antonina,Sones,asonesqc@altervista.org,Female,219.188.9.41
950,Georges,Monger,gmongerqd@miibeian.gov.cn,Male,60.173.204.27
951,Duke,Handsheart,dhandsheartqe@fastcompany.com,Male,139.38.159.254
952,Sigismund,Monelle,smonelleqf@mashable.com,Male,252.210.199.111
953,Rolfe,Lademann,rlademannqg@jugem.jp,Non-binary,217.241.93.24
954,Idaline,Tomasello,itomaselloqh@google.nl,Bigender,44.172.116.6
955,Marsh,Goranov,mgoranovqi@webnode.com,Male,235.244.82.40
956,Fedora,Ughelli,fughelliqj@hp.com,Female,235.48.167.238
957,Catherin,Rouge,crougeqk@google.ru,Female,41.172.154.10
958,Dulciana,Grinnikov,dgrinnikovql@jimdo.com,Female,32.244.179.244
959,Talbot,Wotherspoon,twotherspoonqm@ca.gov,Male,13.253.244.130
960,Gilemette,Gann,ggannqn@xinhuanet.com,Female,135.69.141.196
961,Hervey,Coale,hcoaleqo@paginegialle.it,Male,179.85.8.22
962,Zia,Newcomen,znewcomenqp@imdb.com,Female,64.86.175.157
963,Veronique,Duce,vduceqq@nationalgeographic.com,Genderqueer,117.106.210.54
964,Frayda,Welbelove,fwelbeloveqr@hexun.com,Female,174.29.188.160
965,Alie,Reid,areidqs@nih.gov,Female,97.156.157.68
966,Haywood,Swatradge,hswatradgeqt@umn.edu,Male,242.88.160.250
967,Prisca,MacCarter,pmaccarterqu@zdnet.com,Female,248.57.228.66
968,Marje,Brooksbie,mbrooksbieqv@wired.com,Female,102.204.82.235
969,Margalit,Skeats,mskeatsqw@histats.com,Female,165.59.235.67
970,Tammie,Heinsius,theinsiusqx@msu.edu,Female,118.16.56.150
971,Mirella,Quinney,mquinneyqy@shareasale.com,Female,71.170.91.211
972,Deck,Lebourn,dlebournqz@netvibes.com,Male,213.195.198.186
973,Lynnet,Ilson,lilsonr0@wix.com,Female,22.109.155.163
974,Farleigh,Dauney,fdauneyr1@discovery.com,Male,250.237.30.31
975,Elvis,Bulbrook,ebulbrookr2@hatena.ne.jp,Male,83.100.202.247
976,Dwayne,Westcott,dwestcottr3@feedburner.com,Male,154.50.3.181
977,Diann,Wortley,dwortleyr4@devhub.com,Female,65.4.96.175
978,Aurthur,Stothert,astothertr5@washingtonpost.com,Male,32.68.80.198
979,Marya,Petyanin,mpetyaninr6@exblog.jp,Female,237.10.150.62
980,Iorgo,Kneafsey,ikneafseyr7@indiatimes.com,Male,222.200.122.156
981,Aland,Aveyard,aaveyardr8@wix.com,Male,8.14.68.197
982,Dallon,McPartlin,dmcpartlinr9@nasa.gov,Male,45.112.55.123
983,Pauline,Steele,psteelera@phpbb.com,Female,87.78.94.93
984,Richart,Tolussi,rtolussirb@bloglovin.com,Male,10.180.227.127
985,Reina,Hanks,rhanksrc@theatlantic.com,Female,105.160.137.255
986,Carolyn,Stoffers,cstoffersrd@xing.com,Female,56.191.80.151
987,Corey,Lobb,clobbre@admin.ch,Male,140.140.10.133
988,Nicola,Merrifield,nmerrifieldrf@mit.edu,Male,230.107.113.92
989,Ian,Vaar,ivaarrg@linkedin.com,Male,193.225.214.199
990,Fara,Bebbell,fbebbellrh@deviantart.com,Female,8.224.210.204
991,Damara,Cardello,dcardellori@goo.ne.jp,Female,161.168.237.53
992,Burg,Cornew,bcornewrj@merriam-webster.com,Male,22.187.254.83
993,Robin,Olliar,rolliarrk@jiathis.com,Male,79.46.57.77
994,Leanna,Collingworth,lcollingworthrl@webs.com,Female,151.183.66.205
995,Ajay,Harling,aharlingrm@ucoz.com,Female,1.42.221.4
996,Emelina,Cullimore,ecullimorern@t.co,Bigender,133.146.170.49
997,Aloise,cornhill,acornhillro@soup.io,Female,228.16.13.24
998,Gillian,Dower,gdowerrp@whitehouse.gov,Female,114.86.151.125
999,Neal,Fosdike,nfosdikerq@last.fm,Male,41.74.125.76
1000,Costanza,Lettley,clettleyrr@ted.com,Female,91.64.174.94
