id,first_name,last_name,email,gender,ip_address
1,Andrea,Lampaert,alampaert0@drupal.org,Female,96.80.163.85
2,Mahmoud,Dey,mdey1@wiley.com,Male,194.72.68.174
3,Timotheus,Parish,tparish2@omniture.com,Male,126.62.98.1
4,Nertie,Parr,nparr3@independent.co.uk,Female,102.91.143.11
5,Camala,McCaig,cmccaig4@theatlantic.com,Female,157.54.142.144
6,Roby,Ribeiro,rribeiro5@yellowbook.com,Female,51.186.73.218
7,Gaston,Overstall,goverstall6@buzzfeed.com,Male,100.193.225.50
8,Genna,Linney,glinney7@disqus.com,Female,114.201.44.83
9,Boycie,Sinisbury,bsinisbury8@army.mil,Male,20.124.113.187
10,Corney,Elan,celan9@parallels.com,Male,168.7.238.165
11,Mickie,Maudling,mmaudlinga@wix.com,Male,229.14.18.39
12,Claire,Gerran,cgerranb@live.com,Female,219.225.215.147
13,Anthia,Beames,abeamesc@zdnet.com,Female,91.100.149.174
14,Kerk,Gisbye,kgisbyed@purevolume.com,Male,82.93.166.201
15,Saloma,Petren,spetrene@51.la,Genderfluid,207.1.5.165
16,Deonne,Josephoff,djosephofff@google.com.br,Female,133.164.179.172
17,Marion,Gayton,mgaytong@shop-pro.jp,Male,65.245.239.216
18,Ediva,Carnduff,ecarnduffh@chicagotribune.com,Female,176.94.147.207
19,Nananne,Reignard,nreignardi@furl.net,Polygender,158.254.170.9
20,Verile,Curneen,vcurneenj@wp.com,Female,62.22.155.38
21,Kennedy,Falkingham,kfalkinghamk@alexa.com,Male,100.156.228.82
22,Rubetta,Oxe,roxel@deviantart.com,Female,100.153.251.231
23,Blisse,Colleer,bcolleerm@state.tx.us,Genderqueer,135.134.133.232
24,Benjamin,McGarahan,bmcgarahann@domainmarket.com,Male,173.240.214.165
25,Meara,Somes,msomeso@forbes.com,Female,198.84.157.56
26,Keely,Kibblewhite,kkibblewhitep@prlog.org,Female,225.176.140.215
27,Cornie,Ottewill,cottewillq@google.ca,Female,210.144.98.116
28,Leontyne,Melly,lmellyr@twitter.com,Female,197.114.193.52
29,Bobinette,Hubbocks,bhubbockss@sun.com,Female,202.128.255.163
30,Rhianna,Robuchon,rrobuchont@unesco.org,Female,31.37.86.130
31,Hunfredo,Stife,hstifeu@flickr.com,Male,219.79.208.172
32,Fielding,Feckey,ffeckeyv@domainmarket.com,Male,180.181.114.192
33,Diarmid,Fackney,dfackneyw@etsy.com,Male,212.18.93.150
34,Sebastian,Roebottom,sroebottomx@ucoz.com,Male,246.89.191.105
35,Sascha,Ferby,sferbyy@dell.com,Male,127.141.150.128
36,Wallie,Fairtlough,wfairtloughz@ameblo.jp,Female,177.34.175.92
37,Alexandr,Serrels,aserrels10@furl.net,Male,84.211.62.109
38,Sharlene,Defraine,sdefraine11@sfgate.com,Female,139.236.109.184
39,Micaela,Mounsie,mmounsie12@theguardian.com,Female,244.76.166.133
40,Derril,Cadd,dcadd13@mtv.com,Male,112.208.107.226
41,Julita,Clewes,jclewes14@telegraph.co.uk,Genderqueer,76.162.50.177
42,Stearn,Burness,sburness15@typepad.com,Male,200.108.251.73
43,Maddie,Leith-Harvey,mleithharvey16@nps.gov,Female,22.168.224.254
44,Bidget,Pettit,bpettit17@g.co,Female,140.99.20.101
45,Yorgo,Navarro,ynavarro18@zimbio.com,Male,228.199.31.107
46,Gaylene,Chamberlaine,gchamberlaine19@themeforest.net,Female,34.227.49.56
47,Ame,Steljes,asteljes1a@columbia.edu,Female,179.133.88.72
48,Sydney,Elintune,selintune1b@ucla.edu,Male,35.116.165.128
49,Yule,Garret,ygarret1c@irs.gov,Male,215.191.193.20
50,Camile,Dignall,cdignall1d@mapquest.com,Female,234.9.85.132
51,Garvey,Castleton,gcastleton1e@google.com.au,Male,85.27.64.199
52,Mattias,Huffer,mhuffer1f@cyberchimps.com,Male,86.127.39.177
53,Sandy,Ballinger,sballinger1g@hp.com,Male,251.146.237.80
54,Giffy,Bamb,gbamb1h@pen.io,Male,138.235.130.25
55,Ugo,Fairleigh,ufairleigh1i@jalbum.net,Male,178.49.180.26
56,Tobias,Allner,tallner1j@dot.gov,Male,176.146.128.202
57,Reg,Chessum,rchessum1k@php.net,Polygender,59.9.164.0
58,Jimmy,Shimmings,jshimmings1l@wunderground.com,Non-binary,60.19.200.40
59,Candra,Shill,cshill1m@privacy.gov.au,Female,59.173.213.135
60,Yehudi,Miner,yminer1n@adobe.com,Male,229.169.17.112
61,Romeo,Redford,rredford1o@msn.com,Male,175.167.110.202
62,Far,Seczyk,fseczyk1p@usnews.com,Male,162.167.172.83
63,Joann,Sibthorp,jsibthorp1q@tripadvisor.com,Female,83.64.178.144
64,Freeland,Marcus,fmarcus1r@g.co,Male,181.148.220.205
65,Madelina,Cathro,mcathro1s@eepurl.com,Female,29.49.144.94
66,Koenraad,Surfleet,ksurfleet1t@wsj.com,Male,73.61.30.227
67,Rickey,Fader,rfader1u@illinois.edu,Male,51.108.193.45
68,Corenda,Germon,cgermon1v@simplemachines.org,Female,77.151.1.226
69,Rodie,Birtles,rbirtles1w@spiegel.de,Female,181.164.252.175
70,Martita,Yellowlea,myellowlea1x@reddit.com,Female,32.9.191.246
71,Kaia,Lindermann,klindermann1y@so-net.ne.jp,Female,249.176.16.107
72,Costanza,Danjoie,cdanjoie1z@paypal.com,Female,101.29.203.125
73,Donia,Arnholtz,darnholtz20@house.gov,Female,91.133.200.200
74,Edgard,Lampett,elampett21@stumbleupon.com,Male,101.156.227.99
75,Aurilia,Waddams,awaddams22@indiatimes.com,Female,20.109.142.244
76,Clea,Paulo,cpaulo23@ed.gov,Female,126.13.124.20
77,Derwin,Eilert,deilert24@geocities.com,Male,190.116.44.190
78,Rennie,Janew,rjanew25@hp.com,Female,194.150.112.3
79,Moll,Collumbine,mcollumbine26@elpais.com,Female,123.54.120.33
80,Wynnie,Merrywether,wmerrywether27@etsy.com,Female,133.151.7.240
81,Luisa,Roomes,lroomes28@wikimedia.org,Female,87.204.100.5
82,Granny,Braundt,gbraundt29@blogger.com,Male,132.92.36.251
83,Adi,Shekle,ashekle2a@prweb.com,Female,199.4.78.168
84,Mellie,Shorey,mshorey2b@shareasale.com,Female,45.16.14.232
85,Roma,Lewsley,rlewsley2c@hatena.ne.jp,Male,251.142.10.249
86,Antony,Hyder,ahyder2d@utexas.edu,Male,176.201.12.71
87,Ag,Ritch,aritch2e@etsy.com,Female,194.65.109.117
88,Rickert,Mohun,rmohun2f@yolasite.com,Non-binary,126.132.36.162
89,Anni,Waplinton,awaplinton2g@hubpages.com,Female,158.108.155.160
90,Ruddie,McSporon,rmcsporon2h@zdnet.com,Male,16.254.204.179
91,Almeria,Borleace,aborleace2i@opensource.org,Female,149.186.201.116
92,Maxi,Edgington,medgington2j@apple.com,Female,58.124.43.61
93,Brnaby,Whitwell,bwhitwell2k@msu.edu,Male,227.153.7.125
94,Budd,Chillingworth,bchillingworth2l@apache.org,Male,152.93.160.254
95,Marion,Collcott,mcollcott2m@youku.com,Male,104.228.172.116
96,Tally,Lambrechts,tlambrechts2n@oakley.com,Female,188.24.147.191
97,Stanly,Sleet,ssleet2o@51.la,Male,194.117.12.202
98,Muffin,Attenborough,mattenborough2p@soundcloud.com,Female,121.211.107.131
99,Nathan,Delagua,ndelagua2q@networksolutions.com,Male,134.221.92.23
100,Raye,Bril,rbril2r@diigo.com,Female,42.144.111.244
101,Rainer,Surman-Wells,rsurmanwells2s@jigsy.com,Male,20.175.138.145
102,Edsel,Muggleton,emuggleton2t@wikispaces.com,Male,243.109.149.145
103,Jedidiah,Spight,jspight2u@senate.gov,Male,64.92.216.193
104,Dimitry,Fardy,dfardy2v@biblegateway.com,Male,148.174.63.18
105,Dare,Ancliff,dancliff2w@360.cn,Male,118.188.162.23
106,Tiebout,Quillinane,tquillinane2x@mac.com,Male,211.25.6.20
107,Basilio,Castagna,bcastagna2y@sina.com.cn,Male,6.91.26.62
108,Davin,Beet,dbeet2z@cnet.com,Male,225.107.15.25
109,Bronnie,Maker,bmaker30@jimdo.com,Male,31.85.178.137
110,Derwin,Jouanet,djouanet31@who.int,Male,53.182.25.19
111,Nappy,Pepye,npepye32@cocolog-nifty.com,Male,65.255.25.150
112,Franky,McIlreavy,fmcilreavy33@nbcnews.com,Female,236.98.190.191
113,Gunter,Lease,glease34@goo.gl,Male,112.17.119.139
114,Lezlie,Leghorn,lleghorn35@4shared.com,Female,72.229.243.147
115,Filippa,Kenion,fkenion36@google.com.br,Female,8.125.54.203
116,Cecilia,Beranek,cberanek37@uol.com.br,Female,75.218.75.177
117,Giovanna,Willows,gwillows38@booking.com,Female,58.168.41.131
118,Erl,Harmour,eharmour39@geocities.jp,Male,189.216.130.102
119,Brittne,Sacchetti,bsacchetti3a@skyrock.com,Female,15.188.105.222
120,Auberon,D'Agostino,adagostino3b@livejournal.com,Male,187.169.66.143
121,Karoly,Ripley,kripley3c@lulu.com,Male,169.138.107.37
122,Timmy,Brushfield,tbrushfield3d@dagondesign.com,Female,224.134.236.194
123,Neall,Bendel,nbendel3e@oracle.com,Male,103.1.16.139
124,Willabella,Hutable,whutable3f@feedburner.com,Female,16.22.187.29
125,Brittne,Sollowaye,bsollowaye3g@google.com.au,Female,155.193.69.51
126,Regen,Rawlyns,rrawlyns3h@mtv.com,Male,236.50.141.51
127,Ellerey,Davion,edavion3i@rambler.ru,Male,182.103.233.19
128,Frazer,Viste,fviste3j@opera.com,Male,69.9.228.69
129,Rich,Gerlts,rgerlts3k@xrea.com,Male,60.225.111.77
130,Hollyanne,Cracknall,hcracknall3l@ihg.com,Female,155.147.155.21
131,Anne-marie,Filinkov,afilinkov3m@tinyurl.com,Female,101.8.26.59
132,Griffy,Sherreard,gsherreard3n@vk.com,Male,65.219.166.170
133,Pyotr,Portingale,pportingale3o@wordpress.org,Male,16.243.176.80
134,Letta,Iacovacci,liacovacci3p@linkedin.com,Female,79.80.248.242
135,Matthias,Weston,mweston3q@cloudflare.com,Male,25.203.255.89
136,Karl,Weightman,kweightman3r@addthis.com,Male,59.49.84.30
137,Nichols,Gable,ngable3s@wikia.com,Male,159.143.61.20
138,Karalee,Jakab,kjakab3t@sbwire.com,Female,237.163.226.146
139,Carry,Fermer,cfermer3u@google.fr,Female,251.32.230.96
140,Merrie,Drinkwater,mdrinkwater3v@yellowbook.com,Polygender,124.243.130.139
141,Amelia,Tims,atims3w@shutterfly.com,Female,67.16.184.111
142,Susette,Petrolli,spetrolli3x@feedburner.com,Female,105.142.200.223
143,Claudell,Bourcq,cbourcq3y@indiatimes.com,Male,13.158.20.90
144,Reynold,Orpwood,rorpwood3z@seattletimes.com,Male,222.192.7.234
145,Ferguson,Lightbowne,flightbowne40@t-online.de,Male,52.240.184.28
146,Sax,Benge,sbenge41@huffingtonpost.com,Male,85.132.233.126
147,Clarie,Alexsandrovich,calexsandrovich42@xrea.com,Female,177.7.9.204
148,Mimi,Kilshaw,mkilshaw43@spiegel.de,Female,155.71.241.0
149,Josiah,Krystek,jkrystek44@amazon.co.jp,Male,19.36.38.208
150,Ingeberg,Caney,icaney45@biglobe.ne.jp,Female,62.17.202.227
151,Willa,Piechnik,wpiechnik46@google.com,Female,209.218.94.244
152,Viv,Bruin,vbruin47@trellian.com,Female,228.47.157.32
153,Celestyn,Champness,cchampness48@prnewswire.com,Female,155.245.43.199
154,Andrea,Murrey,amurrey49@bizjournals.com,Female,124.185.174.198
155,Odille,Ramplee,oramplee4a@cafepress.com,Female,29.130.247.61
156,Tomkin,Wandrich,twandrich4b@google.nl,Male,55.217.83.21
157,Martica,Hoofe,mhoofe4c@deliciousdays.com,Female,104.208.184.91
158,Aristotle,Greensitt,agreensitt4d@cornell.edu,Male,229.97.240.221
159,Adele,Ainge,aainge4e@indiegogo.com,Genderfluid,151.180.228.190
160,Deny,Pochet,dpochet4f@craigslist.org,Female,165.179.113.163
161,Holly,Masham,hmasham4g@google.co.jp,Male,176.12.205.21
162,Guthrey,Zannuto,gzannuto4h@odnoklassniki.ru,Male,160.117.40.218
163,Reinhold,Goulter,rgoulter4i@cdbaby.com,Male,214.42.247.197
164,Laraine,Rawnsley,lrawnsley4j@aol.com,Female,165.116.204.80
165,Clay,Kilmurray,ckilmurray4k@infoseek.co.jp,Male,73.117.83.60
166,Nessi,Gronowe,ngronowe4l@so-net.ne.jp,Female,4.169.165.66
167,Burt,Hawke,bhawke4m@seattletimes.com,Male,150.36.42.175
168,Delmore,Elves,delves4n@amazon.co.jp,Male,4.113.182.154
169,Sallyann,Blaisdell,sblaisdell4o@xinhuanet.com,Female,149.16.20.91
170,Elonore,Ricard,ericard4p@usa.gov,Female,2.147.57.157
171,Bathsheba,Rolph,brolph4q@unblog.fr,Female,156.54.69.34
172,Seana,Crole,scrole4r@apache.org,Female,194.242.136.12
173,Tailor,Pennetti,tpennetti4s@nbcnews.com,Male,185.156.192.214
174,Regine,Corradi,rcorradi4t@hatena.ne.jp,Female,54.140.227.31
175,Hedvig,Peppard,hpeppard4u@house.gov,Female,64.41.176.79
176,Odele,Hankard,ohankard4v@bandcamp.com,Bigender,94.63.46.179
177,Patten,Surplice,psurplice4w@ca.gov,Male,43.164.37.164
178,Bertrand,Kynett,bkynett4x@sciencedirect.com,Male,103.232.55.248
179,Alexandra,Seefeldt,aseefeldt4y@printfriendly.com,Female,223.123.22.52
180,Gabriell,Piggrem,gpiggrem4z@cornell.edu,Female,48.213.115.159
181,Sol,Frew,sfrew50@cyberchimps.com,Male,226.55.29.239
182,Roarke,Curnock,rcurnock51@admin.ch,Male,236.64.119.81
183,Gavin,Shailer,gshailer52@lulu.com,Male,101.167.245.127
184,Corbin,Valentinuzzi,cvalentinuzzi53@ed.gov,Male,20.49.92.104
185,Clementia,Bonelle,cbonelle54@tripadvisor.com,Female,98.119.179.244
186,Patsy,Domico,pdomico55@indiegogo.com,Polygender,53.69.160.216
187,Marcelia,Ettery,mettery56@netvibes.com,Female,36.66.244.19
188,Eugine,Croydon,ecroydon57@loc.gov,Female,187.181.72.169
189,Urbano,Bessom,ubessom58@noaa.gov,Male,10.106.128.143
190,Rockey,Collomosse,rcollomosse59@latimes.com,Male,254.75.249.186
191,Marve,Windress,mwindress5a@skype.com,Bigender,237.80.0.109
192,Haroun,Deyes,hdeyes5b@china.com.cn,Male,202.57.227.189
193,Aubree,Stangroom,astangroom5c@army.mil,Female,45.247.253.22
194,Angele,Coultar,acoultar5d@arizona.edu,Female,103.212.224.203
195,Tiebout,Portchmouth,tportchmouth5e@wufoo.com,Male,62.161.31.161
196,Linea,Karpov,lkarpov5f@etsy.com,Female,163.161.132.84
197,Matilde,Piele,mpiele5g@bloomberg.com,Female,80.12.210.141
198,Wendie,Nadin,wnadin5h@bigcartel.com,Genderqueer,107.175.171.51
199,Myrilla,Lowdham,mlowdham5i@youtu.be,Female,40.153.47.112
200,Eugine,Wakelam,ewakelam5j@networkadvertising.org,Female,158.95.31.93
201,Shannon,Banaszkiewicz,sbanaszkiewicz5k@sakura.ne.jp,Female,57.91.29.18
202,Shirline,McIllroy,smcillroy5l@icio.us,Female,173.12.185.101
203,Eustacia,Chatwood,echatwood5m@vinaora.com,Female,96.196.222.46
204,Katharyn,Hatry,khatry5n@sogou.com,Female,5.136.168.219
205,Koren,Elcy,kelcy5o@diigo.com,Female,89.110.225.90
206,Darrell,Rengger,drengger5p@psu.edu,Male,80.124.206.14
207,Rozanna,Coath,rcoath5q@economist.com,Female,44.216.74.239
208,Selina,Croisier,scroisier5r@blogger.com,Female,65.50.111.66
209,Letizia,Goley,lgoley5s@scribd.com,Female,0.207.2.25
210,Nichols,Benne,nbenne5t@mail.ru,Male,226.205.117.55
211,Giffie,Diamant,gdiamant5u@chronoengine.com,Male,83.164.95.165
212,Les,Measham,lmeasham5v@php.net,Male,61.165.86.198
213,Yuma,Dysert,ydysert5w@ca.gov,Male,182.166.136.9
214,Burk,Goldfinch,bgoldfinch5x@edublogs.org,Male,115.47.251.94
215,Alvira,Tie,atie5y@arizona.edu,Female,74.170.229.252
216,Rowland,Muggach,rmuggach5z@ihg.com,Male,105.246.54.247
217,Domingo,Gorch,dgorch60@cocolog-nifty.com,Male,224.26.133.170
218,Janet,Pickaver,jpickaver61@usatoday.com,Female,60.254.118.88
219,Marney,Fancutt,mfancutt62@tripadvisor.com,Female,16.127.214.150
220,Alice,Cowndley,acowndley63@elpais.com,Female,172.83.195.90
221,Cal,MacSkeaghan,cmacskeaghan64@google.ca,Genderfluid,141.164.166.86
222,Kally,Goskar,kgoskar65@elpais.com,Female,76.147.145.148
223,Hastings,Leeburne,hleeburne66@devhub.com,Male,227.34.95.180
224,Lexie,Assiratti,lassiratti67@discovery.com,Female,15.237.9.151
225,Paxon,Yearn,pyearn68@webnode.com,Male,115.103.230.212
226,Brock,McAdam,bmcadam69@jiathis.com,Male,212.110.165.50
227,Rosie,Shelper,rshelper6a@hp.com,Female,65.74.193.238
228,Caryl,Chiplen,cchiplen6b@meetup.com,Female,194.185.243.15
229,Marieann,Booth-Jarvis,mboothjarvis6c@istockphoto.com,Female,95.12.142.92
230,Kurtis,Kuschke,kkuschke6d@4shared.com,Male,126.23.194.97
231,Harbert,Jobbins,hjobbins6e@technorati.com,Male,10.203.23.99
232,Silas,Baden,sbaden6f@youku.com,Male,204.80.119.79
233,Merell,Till,mtill6g@hhs.gov,Male,159.19.134.22
234,Yvon,Wenzel,ywenzel6h@nationalgeographic.com,Male,185.59.148.113
235,Terra,Dinis,tdinis6i@springer.com,Female,14.85.114.156
236,Rawley,Sarchwell,rsarchwell6j@ed.gov,Male,108.34.159.25
237,Marcia,Strothers,mstrothers6k@theglobeandmail.com,Genderqueer,134.248.23.176
238,Debora,Risborough,drisborough6l@youtu.be,Female,3.163.193.134
239,Fraser,Pixton,fpixton6m@odnoklassniki.ru,Male,221.152.51.72
240,Mirilla,Loveland,mloveland6n@amazon.de,Female,224.153.101.253
241,Dukey,Joscelyn,djoscelyn6o@artisteer.com,Male,142.156.62.49
242,Brenna,Filpo,bfilpo6p@sogou.com,Female,38.33.5.219
243,Latashia,Powe,lpowe6q@aboutads.info,Female,31.242.84.107
244,Ramsay,Grene,rgrene6r@simplemachines.org,Male,172.21.244.133
245,Shelley,Chessman,schessman6s@purevolume.com,Female,74.164.210.112
246,Alan,Josephson,ajosephson6t@slideshare.net,Male,219.26.47.210
247,Tabitha,Etty,tetty6u@umich.edu,Female,214.199.242.205
248,Alistair,Aizikovitch,aaizikovitch6v@twitpic.com,Male,129.66.172.101
249,Neil,Spalls,nspalls6w@wordpress.org,Male,207.233.243.96
250,Irvine,Skaife d'Ingerthorpe,iskaifedingerthorpe6x@alibaba.com,Male,153.53.188.144
251,Uri,Eagleton,ueagleton6y@scribd.com,Male,53.254.237.1
252,Harbert,Rowth,hrowth6z@unesco.org,Male,110.118.207.63
253,Angelita,Kennicott,akennicott70@vkontakte.ru,Female,88.154.96.179
254,Fan,Blondin,fblondin71@barnesandnoble.com,Female,78.117.32.169
255,Codie,Propper,cpropper72@narod.ru,Genderfluid,74.187.13.2
256,Zolly,Keford,zkeford73@statcounter.com,Male,83.55.2.48
257,Osmund,Gley,ogley74@ifeng.com,Male,250.48.81.201
258,Lorrie,Bagby,lbagby75@dropbox.com,Female,104.54.187.113
259,Ogdon,Schlagh,oschlagh76@cbsnews.com,Male,57.193.187.229
260,Wolfy,Robroe,wrobroe77@microsoft.com,Male,72.232.215.58
261,Norine,Stutte,nstutte78@icq.com,Female,242.117.1.45
262,Adoree,Footer,afooter79@networkadvertising.org,Female,26.221.224.247
263,Dale,De Vaux,ddevaux7a@house.gov,Female,60.83.39.99
264,Elie,MacKaig,emackaig7b@sbwire.com,Female,49.235.147.140
265,Aloin,Janota,ajanota7c@devhub.com,Male,162.44.164.15
266,Shane,Malpas,smalpas7d@sourceforge.net,Genderqueer,130.119.53.217
267,Denney,Kilduff,dkilduff7e@wikimedia.org,Male,174.26.48.124
268,Lexie,Winspire,lwinspire7f@angelfire.com,Female,184.146.131.46
269,Samuel,Markos,smarkos7g@eventbrite.com,Agender,113.27.68.15
270,Charlene,Wingar,cwingar7h@slashdot.org,Female,148.14.65.227
271,Darin,Bezant,dbezant7i@spotify.com,Male,131.239.150.13
272,Scotti,Rechert,srechert7j@pbs.org,Male,7.239.192.49
273,Lovell,Butteris,lbutteris7k@sbwire.com,Male,170.177.117.181
274,Adelice,Aylesbury,aaylesbury7l@cocolog-nifty.com,Female,142.122.20.67
275,Alastair,Lamboll,alamboll7m@vinaora.com,Male,126.251.134.179
276,Rudd,Gribbins,rgribbins7n@shutterfly.com,Male,250.215.248.173
277,Trudy,Yelding,tyelding7o@hhs.gov,Genderfluid,202.123.176.84
278,Carena,Robardley,crobardley7p@cbc.ca,Female,249.125.189.12
279,Karin,Mussilli,kmussilli7q@redcross.org,Female,206.118.85.45
280,Henderson,Dagwell,hdagwell7r@list-manage.com,Male,83.125.88.101
281,Nanette,Lacoste,nlacoste7s@theatlantic.com,Female,204.108.5.37
282,Rey,Skelding,rskelding7t@weather.com,Male,27.63.13.177
283,Giselle,Straffon,gstraffon7u@google.com.hk,Bigender,61.142.207.85
284,Gabriele,Genever,ggenever7v@theglobeandmail.com,Genderfluid,109.128.208.219
285,Bronson,Bellelli,bbellelli7w@paginegialle.it,Genderqueer,104.67.9.27
286,Tawnya,Screech,tscreech7x@edublogs.org,Female,205.74.193.81
287,Mikaela,Cone,mcone7y@artisteer.com,Non-binary,24.119.63.240
288,Rosco,Colgan,rcolgan7z@diigo.com,Male,74.22.250.213
289,Amelia,Runciman,arunciman80@jugem.jp,Female,75.212.194.202
290,Petronia,Josefs,pjosefs81@artisteer.com,Female,248.7.37.170
291,Elinor,Pinn,epinn82@opera.com,Female,78.180.179.134
292,Kermit,Sexcey,ksexcey83@blinklist.com,Male,62.207.106.71
293,Jens,Davion,jdavion84@ucsd.edu,Male,120.122.196.180
294,Lotte,Mouser,lmouser85@google.co.uk,Female,172.63.157.26
295,Kirsti,Revans,krevans86@oaic.gov.au,Female,47.231.112.80
296,Otis,Wadeson,owadeson87@vinaora.com,Male,78.103.69.143
297,Rita,Northin,rnorthin88@answers.com,Female,59.221.31.85
298,Loraine,Acklands,lacklands89@aol.com,Female,102.11.5.119
299,Shelbi,Goodluck,sgoodluck8a@cnet.com,Female,223.110.64.171
300,Drusilla,Jennings,djennings8b@reuters.com,Female,174.220.97.41
301,Prinz,Finker,pfinker8c@webs.com,Male,169.195.164.240
302,Ivan,Breach,ibreach8d@cnbc.com,Male,189.173.198.64
303,Dud,Romer,dromer8e@china.com.cn,Male,13.158.18.99
304,Arel,Ellett,aellett8f@typepad.com,Male,233.139.191.203
305,Casie,Simeon,csimeon8g@sciencedirect.com,Female,178.241.137.192
306,Muffin,Perks,mperks8h@aol.com,Female,132.169.67.187
307,Ambros,Marsland,amarsland8i@hexun.com,Male,202.127.222.235
308,Ashia,Foxwell,afoxwell8j@etsy.com,Bigender,57.226.55.177
309,Reggie,Humphries,rhumphries8k@youtube.com,Male,180.146.148.3
310,Godard,Aggis,gaggis8l@joomla.org,Genderfluid,234.110.239.38
311,Elijah,Burgott,eburgott8m@bizjournals.com,Male,93.61.136.139
312,Tammie,Batchelder,tbatchelder8n@irs.gov,Female,136.121.77.147
313,Gram,Telford,gtelford8o@wired.com,Male,170.76.148.160
314,Connor,Deaville,cdeaville8p@answers.com,Male,71.207.206.138
315,Tally,Ricioppo,tricioppo8q@newyorker.com,Male,202.254.148.175
316,Adey,Leathers,aleathers8r@joomla.org,Female,182.224.141.81
317,Rhiamon,Theis,rtheis8s@omniture.com,Female,228.83.63.115
318,Angele,Clubbe,aclubbe8t@reuters.com,Female,186.100.15.6
319,Finlay,Hargraves,fhargraves8u@japanpost.jp,Male,242.68.113.171
320,Anson,Gomersall,agomersall8v@rediff.com,Male,107.93.98.74
321,Emily,Dymick,edymick8w@theguardian.com,Female,249.248.187.227
322,Drucie,Gooderidge,dgooderidge8x@foxnews.com,Female,128.66.171.94
323,Micheline,Josuweit,mjosuweit8y@google.de,Genderqueer,156.204.198.124
324,Simone,Gerold,sgerold8z@berkeley.edu,Male,68.16.210.13
325,Case,Pecht,cpecht90@nasa.gov,Male,202.82.51.184
326,Carmine,Fensome,cfensome91@cyberchimps.com,Male,162.1.141.152
327,Wittie,Stoodley,wstoodley92@t-online.de,Male,44.223.34.16
328,Kitti,Onge,konge93@mayoclinic.com,Female,22.121.107.120
329,Tedie,Sauvan,tsauvan94@imgur.com,Male,252.207.137.115
330,Meaghan,Gonnin,mgonnin95@bandcamp.com,Female,21.2.233.124
331,Tarra,Asaaf,tasaaf96@surveymonkey.com,Female,124.107.161.0
332,Miles,Kendred,mkendred97@eepurl.com,Agender,112.169.52.57
333,Reinhard,Dysert,rdysert98@blogs.com,Male,89.79.57.98
334,Jaye,Bouzan,jbouzan99@usgs.gov,Male,81.212.83.235
335,Moshe,Behrendsen,mbehrendsen9a@yale.edu,Male,192.235.37.15
336,Pia,Cicchillo,pcicchillo9b@google.com.hk,Non-binary,129.143.211.55
337,Blondell,Blumfield,bblumfield9c@wix.com,Female,85.198.189.116
338,Terri-jo,Barkway,tbarkway9d@reference.com,Female,94.117.61.104
339,Ailey,Pease,apease9e@theguardian.com,Female,210.173.159.152
340,Ludvig,Addekin,laddekin9f@eventbrite.com,Genderqueer,91.197.76.86
341,Lucina,Skillicorn,lskillicorn9g@cdbaby.com,Female,191.114.254.166
342,Charin,Lightwing,clightwing9h@cpanel.net,Female,137.121.113.129
343,Sashenka,Krauze,skrauze9i@multiply.com,Female,187.1.12.138
344,Elisha,Christmas,echristmas9j@sourceforge.net,Male,0.91.52.16
345,Amelia,Lamperd,alamperd9k@rakuten.co.jp,Female,143.62.99.230
346,Corny,Bingall,cbingall9l@discuz.net,Agender,216.111.200.192
347,Franchot,Hugnot,fhugnot9m@about.com,Male,192.189.25.238
348,Mathew,Giriardelli,mgiriardelli9n@loc.gov,Male,6.12.119.142
349,Graig,Anselmi,ganselmi9o@feedburner.com,Male,238.249.180.19
350,Jennilee,Nisard,jnisard9p@posterous.com,Female,240.30.89.119
351,Ingunna,Guage,iguage9q@histats.com,Female,132.242.143.86
352,Abel,Kehoe,akehoe9r@stumbleupon.com,Male,253.234.126.1
353,Portia,Clemenson,pclemenson9s@google.pl,Female,146.247.32.57
354,Horatia,Richardeau,hrichardeau9t@webnode.com,Female,32.14.51.134
355,Maxwell,Lyptrade,mlyptrade9u@salon.com,Agender,131.166.91.92
356,Terrye,Pearne,tpearne9v@odnoklassniki.ru,Female,192.43.121.98
357,Katusha,Menauteau,kmenauteau9w@nhs.uk,Female,105.85.79.157
358,Jdavie,Warbys,jwarbys9x@eepurl.com,Male,243.234.240.217
359,Darell,Drever,ddrever9y@flavors.me,Female,172.253.87.71
360,Leann,Millard,lmillard9z@sohu.com,Female,227.241.121.137
361,Pattin,Sturt,psturta0@wikispaces.com,Male,105.101.194.0
362,Camey,Romeo,cromeoa1@miitbeian.gov.cn,Male,218.143.58.96
363,Sharleen,Najara,snajaraa2@arizona.edu,Genderfluid,231.208.9.157
364,Cassius,Janisson,cjanissona3@unc.edu,Male,102.81.100.186
365,Lev,Churchouse,lchurchousea4@reuters.com,Male,70.236.70.13
366,Marigold,Cosgrave,mcosgravea5@chronoengine.com,Female,16.69.83.33
367,Linnie,Verralls,lverrallsa6@cafepress.com,Female,192.130.12.242
368,Westley,Campanelle,wcampanellea7@weather.com,Male,67.170.244.208
369,Barn,Kamen,bkamena8@networkadvertising.org,Male,246.32.196.5
370,Tilly,Tackett,ttacketta9@vinaora.com,Female,152.198.202.65
371,Gregg,Suggitt,gsuggittaa@statcounter.com,Male,232.62.73.49
372,Vania,Buntin,vbuntinab@is.gd,Female,110.252.17.15
373,Aloysia,Toffts,atofftsac@exblog.jp,Female,133.218.161.102
374,Claybourne,Rubbens,crubbensad@usa.gov,Male,51.0.43.38
375,Teddie,Retallack,tretallackae@google.com.hk,Male,19.146.201.209
376,Sarajane,Baskerville,sbaskervilleaf@usnews.com,Female,80.117.87.206
377,Perla,Teers,pteersag@discuz.net,Female,20.196.152.142
378,Hogan,Humberston,hhumberstonah@ebay.com,Male,149.56.27.56
379,Eugine,Palfreyman,epalfreymanai@hubpages.com,Female,254.44.160.94
380,Winn,Lightbown,wlightbownaj@msu.edu,Male,13.114.200.231
381,Bil,Sisnett,bsisnettak@amazon.co.jp,Male,178.66.169.189
382,Chalmers,Muzzullo,cmuzzulloal@myspace.com,Male,53.31.168.187
383,Hunfredo,Judd,hjuddam@intel.com,Male,11.108.197.32
384,Ezekiel,Gannan,egannanan@vkontakte.ru,Male,206.194.114.163
385,Geoffrey,Whitters,gwhittersao@globo.com,Male,148.240.125.84
386,Carry,Hasted,chastedap@rakuten.co.jp,Female,178.32.213.63
387,Averil,Pinnegar,apinnegaraq@google.co.uk,Male,132.243.49.122
388,Vally,Saby,vsabyar@npr.org,Female,60.234.50.5
389,Sheff,Francklin,sfrancklinas@unesco.org,Male,206.47.55.220
390,Darwin,Christene,dchristeneat@independent.co.uk,Male,200.222.243.111
391,Annice,Huggett,ahuggettau@google.nl,Female,205.65.41.56
392,Tori,Brithman,tbrithmanav@amazon.co.jp,Female,217.84.251.51
393,Mara,Brisard,mbrisardaw@economist.com,Female,103.192.41.103
394,Alonzo,L'Homme,alhommeax@europa.eu,Male,140.160.50.118
395,Jonah,Matuszynski,jmatuszynskiay@yellowbook.com,Male,117.124.247.197
396,Averil,Grenshiels,agrenshielsaz@japanpost.jp,Male,139.196.165.97
397,Viviene,Kreber,vkreberb0@creativecommons.org,Female,219.1.13.6
398,Berkeley,Bangs,bbangsb1@360.cn,Male,169.114.66.210
399,Marlee,Alltimes,malltimesb2@google.com.au,Female,99.237.130.1
400,Dannye,Seagrave,dseagraveb3@taobao.com,Female,122.232.12.226
401,Teri,Doddrell,tdoddrellb4@dyndns.org,Female,213.226.169.160
402,Olga,Drohun,odrohunb5@craigslist.org,Female,200.143.254.193
403,Malachi,Dmitriev,mdmitrievb6@google.co.jp,Male,252.196.168.180
404,Loralee,Lidden,lliddenb7@cmu.edu,Female,109.160.196.99
405,Maye,Teal,mtealb8@webnode.com,Female,116.96.198.194
406,Daisie,Manilove,dmaniloveb9@imageshack.us,Female,81.66.48.229
407,Crichton,Dollard,cdollardba@hao123.com,Male,19.236.206.153
408,Justino,De Cruce,jdecrucebb@forbes.com,Male,5.167.3.136
409,Rey,Pannett,rpannettbc@vk.com,Female,162.16.233.99
410,Richardo,Grimmert,rgrimmertbd@tinypic.com,Male,18.180.206.211
411,Karia,Ellerington,kelleringtonbe@princeton.edu,Female,117.42.189.103
412,Hew,Hallam,hhallambf@washington.edu,Male,71.10.177.145
413,Mireielle,Palphreyman,mpalphreymanbg@ucla.edu,Female,133.15.61.222
414,Roscoe,Dickerson,rdickersonbh@seattletimes.com,Male,233.55.194.184
415,Dall,McMaster,dmcmasterbi@answers.com,Male,165.136.230.200
416,Fons,Yearron,fyearronbj@fotki.com,Male,142.162.155.148
417,Erhart,Learmond,elearmondbk@princeton.edu,Male,95.39.8.109
418,Vida,Philpault,vphilpaultbl@indiegogo.com,Female,205.194.222.129
419,Trix,Scowen,tscowenbm@ustream.tv,Female,228.202.211.148
420,Josselyn,Broadwood,jbroadwoodbn@cafepress.com,Female,3.33.57.165
421,Truman,Iacomelli,tiacomellibo@columbia.edu,Male,15.132.24.117
422,Nealy,Maggorini,nmaggorinibp@mtv.com,Male,254.210.110.98
423,Tiebold,Connick,tconnickbq@hud.gov,Male,230.164.103.0
424,Chico,Paschek,cpaschekbr@indiegogo.com,Genderfluid,104.243.160.70
425,Cam,Connop,cconnopbs@cbsnews.com,Male,143.119.57.159
426,Rodge,Dibley,rdibleybt@businessinsider.com,Male,28.150.136.155
427,Rosetta,Storrock,rstorrockbu@creativecommons.org,Female,65.22.118.161
428,Phillipp,Caldaro,pcaldarobv@cbslocal.com,Male,131.100.31.92
429,Traver,Bovis,tbovisbw@youtube.com,Male,8.16.250.89
430,Homerus,McHarry,hmcharrybx@dell.com,Male,59.84.70.182
431,Anya,Mattusov,amattusovby@is.gd,Female,60.166.161.253
432,Egan,Renouf,erenoufbz@nature.com,Male,101.108.8.26
433,Ameline,Ruthen,aruthenc0@pinterest.com,Female,248.241.17.15
434,Vally,Hardern,vhardernc1@rambler.ru,Female,62.11.3.148
435,Kittie,Dunridge,kdunridgec2@acquirethisname.com,Female,228.189.63.108
436,Osbourn,Garstang,ogarstangc3@craigslist.org,Male,2.105.27.125
437,Jackson,Jeromson,jjeromsonc4@weibo.com,Male,33.127.218.180
438,Terri,Maasz,tmaaszc5@state.tx.us,Male,205.131.34.83
439,Gilbertine,Connett,gconnettc6@virginia.edu,Female,74.70.231.89
440,Dunn,Lafflina,dlafflinac7@list-manage.com,Male,187.106.151.53
441,Robers,Tanzer,rtanzerc8@dot.gov,Male,107.30.148.119
442,Hale,Rankine,hrankinec9@bing.com,Male,56.124.27.57
443,Terrell,Swetland,tswetlandca@google.com.hk,Male,223.103.11.57
444,Gabbi,Peschet,gpeschetcb@hao123.com,Female,252.23.102.31
445,Winfred,Fayers,wfayerscc@wired.com,Male,60.100.197.42
446,Freddie,Hopkins,fhopkinscd@nsw.gov.au,Female,111.182.146.5
447,Thibaut,Dando,tdandoce@goo.gl,Male,105.167.45.139
448,Igor,Sidden,isiddencf@networksolutions.com,Male,56.13.7.196
449,Kory,Tenniswood,ktenniswoodcg@fema.gov,Male,191.136.215.212
450,Randall,Berthod,rberthodch@aol.com,Male,197.101.217.166
451,Clementina,Elliker,cellikerci@xinhuanet.com,Female,59.53.225.200
452,Giorgia,Toor,gtoorcj@edublogs.org,Female,91.147.202.10
453,Lonnard,Castellanos,lcastellanosck@blinklist.com,Male,76.75.206.113
454,Rosamond,Morrad,rmorradcl@time.com,Genderqueer,137.84.119.80
455,Mignon,Fruish,mfruishcm@odnoklassniki.ru,Female,211.79.123.8
456,Garvey,Claringbold,gclaringboldcn@ovh.net,Male,64.200.131.136
457,Jessi,Blazhevich,jblazhevichco@cdc.gov,Female,170.192.2.55
458,Guss,Broodes,gbroodescp@clickbank.net,Male,82.219.207.189
459,Paddy,Antonacci,pantonaccicq@newyorker.com,Male,246.71.62.119
460,Edan,Ygou,eygoucr@dailymotion.com,Male,62.226.140.138
461,Tallie,Foat,tfoatcs@stumbleupon.com,Male,116.126.238.152
462,Melloney,Nickell,mnickellct@themeforest.net,Female,138.149.183.42
463,Christiano,Sigart,csigartcu@usda.gov,Male,72.137.73.244
464,Tucky,Geering,tgeeringcv@ow.ly,Male,163.52.210.207
465,Dacey,Hullin,dhullincw@deviantart.com,Female,154.225.206.144
466,Winston,Tupling,wtuplingcx@apple.com,Male,71.134.88.104
467,Shina,Presslie,spressliecy@xing.com,Female,45.80.85.131
468,Lorelle,Hudleston,lhudlestoncz@army.mil,Female,111.196.252.135
469,Vance,Maltby,vmaltbyd0@blinklist.com,Male,57.250.142.3
470,Nap,BoHlingolsen,nbohlingolsend1@yellowpages.com,Male,176.95.226.151
471,Illa,Soigne,isoigned2@woothemes.com,Female,45.159.128.232
472,Cyndy,Berkely,cberkelyd3@hp.com,Female,157.0.122.14
473,Toiboid,Daine,tdained4@stumbleupon.com,Male,223.107.171.4
474,Randi,Presman,rpresmand5@eventbrite.com,Male,230.66.31.106
475,Sydelle,Flemmich,sflemmichd6@amazon.com,Female,1.240.149.100
476,Mozelle,Lindsley,mlindsleyd7@answers.com,Agender,91.204.51.174
477,Terrill,Ruddell,truddelld8@tumblr.com,Male,180.63.162.169
478,Boote,Symers,bsymersd9@bigcartel.com,Male,119.162.123.192
479,Noll,Remmers,nremmersda@artisteer.com,Male,42.191.232.245
480,Vick,Ruggles,vrugglesdb@redcross.org,Male,17.78.104.20
481,Armando,Swinyard,aswinyarddc@weather.com,Male,190.230.59.38
482,Corny,Maudlen,cmaudlendd@netvibes.com,Male,243.10.134.143
483,Tan,Stockoe,tstockoede@google.com,Male,103.112.107.212
484,Alix,Burdell,aburdelldf@behance.net,Female,4.70.146.131
485,Korella,Beavers,kbeaversdg@oracle.com,Female,111.226.57.96
486,Gussy,Crush,gcrushdh@opera.com,Female,13.245.196.202
487,Cristy,Maginot,cmaginotdi@rediff.com,Female,240.76.75.21
488,Sallie,Dancey,sdanceydj@fastcompany.com,Female,107.76.53.110
489,Thatcher,Parsand,tparsanddk@reuters.com,Male,137.39.116.97
490,Sebastiano,Rubinow,srubinowdl@smugmug.com,Male,12.131.68.125
491,Conroy,Whibley,cwhibleydm@ted.com,Male,50.108.110.52
492,Koo,Thunderchief,kthunderchiefdn@discovery.com,Female,83.36.253.117
493,Paulo,Blucher,pblucherdo@apache.org,Male,177.178.101.213
494,Alisander,Bourget,abourgetdp@wikipedia.org,Male,34.30.191.107
495,Sheffie,Bendix,sbendixdq@feedburner.com,Male,24.121.89.203
496,Wanids,Faulkener,wfaulkenerdr@cmu.edu,Female,225.1.209.66
497,Sheena,Gowland,sgowlandds@google.pl,Female,189.186.158.78
498,Evangeline,Causier,ecausierdt@gizmodo.com,Female,188.206.187.193
499,Chadwick,Albrecht,calbrechtdu@bloglines.com,Male,96.17.174.83
500,Janet,MacPeice,jmacpeicedv@prlog.org,Female,59.41.122.77
501,Ken,Frude,kfrudedw@pen.io,Male,169.194.100.91
502,Kitty,Mellem,kmellemdx@skyrock.com,Female,184.57.218.230
503,Emelen,Moen,emoendy@google.pl,Male,54.228.181.245
504,Tami,Masterman,tmastermandz@cmu.edu,Female,98.145.54.204
505,Neda,Kundert,nkunderte0@mlb.com,Female,144.91.212.47
506,Michell,Glewe,mglewee1@360.cn,Female,101.43.71.61
507,Archie,Gumbley,agumbleye2@google.fr,Male,90.51.191.220
508,Alvina,Letch,aletche3@omniture.com,Female,20.197.65.233
509,Jorie,Bezarra,jbezarrae4@last.fm,Female,233.38.223.172
510,Ferdinanda,Pimer,fpimere5@cocolog-nifty.com,Female,112.250.225.248
511,Vanessa,Taphouse,vtaphousee6@ed.gov,Agender,113.211.183.175
512,Tanner,Mitchel,tmitchele7@vkontakte.ru,Male,194.53.233.4
513,Idelle,Diggell,idiggelle8@mozilla.com,Female,52.118.98.56
514,Franklyn,Goodwin,fgoodwine9@reverbnation.com,Male,244.125.61.8
515,Connor,McAtamney,cmcatamneyea@cocolog-nifty.com,Male,73.186.217.244
516,Natala,Todaro,ntodaroeb@flavors.me,Female,110.76.45.16
517,Guthrie,Toffoletto,gtoffolettoec@google.fr,Male,184.68.6.212
518,Desmund,Cuffley,dcuffleyed@tinyurl.com,Bigender,141.15.183.49
519,Maud,Puttock,mputtockee@ning.com,Female,168.116.222.144
520,Marissa,Crees,mcreesef@bbc.co.uk,Female,110.188.41.112
521,Codi,Shreenan,cshreenaneg@alibaba.com,Male,155.206.244.210
522,Ogdan,Gasparro,ogasparroeh@un.org,Polygender,230.79.189.154
523,Wolfie,Springthorp,wspringthorpei@wired.com,Male,242.210.25.205
524,Mimi,Roscher,mroscherej@google.it,Female,237.45.91.12
525,Ferrel,Josling,fjoslingek@google.com,Male,17.106.34.116
526,Danit,Supple,dsuppleel@canalblog.com,Female,142.250.23.61
527,Dasi,Kernoghan,dkernoghanem@soundcloud.com,Female,48.80.75.85
528,Gawen,Babber,gbabberen@harvard.edu,Male,178.201.200.38
529,Jimmie,Konig,jkonigeo@bloglovin.com,Male,149.206.10.210
530,Quinlan,Kalkofen,qkalkofenep@msn.com,Male,183.57.30.70
531,Stefania,Starmont,sstarmonteq@wikimedia.org,Female,241.186.121.170
532,Tedd,Hiers,thierser@cmu.edu,Male,57.189.217.57
533,Richart,Palomba,rpalombaes@smugmug.com,Male,210.52.108.225
534,Jerald,Brennen,jbrennenet@t.co,Male,0.216.143.239
535,Tanya,Gotthard.sf,tgotthardsfeu@oracle.com,Agender,70.170.56.128
536,Shirlene,Bricket,sbricketev@ameblo.jp,Female,104.180.128.154
537,Sheilakathryn,Andreopolos,sandreopolosew@pbs.org,Genderqueer,30.89.63.237
538,Arabela,Richter,arichterex@yandex.ru,Female,160.138.147.112
539,Alys,Kirwin,akirwiney@1688.com,Genderqueer,212.252.10.50
540,Milka,Tousey,mtouseyez@walmart.com,Female,159.225.166.244
541,Lindsay,Bortolutti,lbortoluttif0@spiegel.de,Female,133.82.165.197
542,Christabel,Yokel,cyokelf1@weather.com,Female,212.35.154.187
543,Mair,Jewster,mjewsterf2@wordpress.org,Female,76.132.204.54
544,Lowrance,Linbohm,llinbohmf3@amazon.de,Male,103.51.54.8
545,Stanwood,Hindhaugh,shindhaughf4@twitter.com,Male,147.176.133.208
546,Stanislaus,Joskowitz,sjoskowitzf5@bloomberg.com,Male,58.204.90.128
547,Modesta,Klimkov,mklimkovf6@newyorker.com,Female,243.147.37.152
548,Eulalie,Bowcher,ebowcherf7@zimbio.com,Female,129.90.36.77
549,Gunter,Dungate,gdungatef8@cisco.com,Male,88.69.220.113
550,Ingrim,Press,ipressf9@arizona.edu,Male,101.22.129.189
551,Pauly,Tabor,ptaborfa@shinystat.com,Male,62.113.188.127
552,Esteban,Hankinson,ehankinsonfb@xing.com,Male,152.148.93.219
553,Lorilee,Kean,lkeanfc@live.com,Female,142.79.92.232
554,Valerie,Le Batteur,vlebatteurfd@joomla.org,Female,130.161.45.172
555,Glenna,Nunan,gnunanfe@marriott.com,Polygender,78.200.92.215
556,Nellie,Beet,nbeetff@webmd.com,Genderqueer,93.132.247.211
557,Steven,Seer,sseerfg@arizona.edu,Agender,50.136.223.111
558,Junie,Placide,jplacidefh@unc.edu,Female,124.152.233.174
559,Ebenezer,Grunwald,egrunwaldfi@cpanel.net,Male,126.169.31.161
560,Constancy,Joannidi,cjoannidifj@google.de,Female,106.176.98.162
561,Bendite,Kisby,bkisbyfk@e-recht24.de,Bigender,167.222.28.253
562,Janeta,Lukins,jlukinsfl@examiner.com,Female,151.113.92.217
563,Waverly,Tomkies,wtomkiesfm@rambler.ru,Male,204.26.218.57
564,Gwenneth,Lelande,glelandefn@apple.com,Female,174.5.71.73
565,Danni,Cutforth,dcutforthfo@wp.com,Female,255.177.52.12
566,Grover,Lisciandri,glisciandrifp@alibaba.com,Male,68.35.225.177
567,Shannon,Rubel,srubelfq@unesco.org,Male,57.32.164.122
568,Berkie,Dobrowolny,bdobrowolnyfr@mozilla.org,Male,224.20.123.201
569,Nero,Mattinson,nmattinsonfs@hibu.com,Male,28.97.201.172
570,Eleanora,Sandifer,esandiferft@is.gd,Female,80.211.66.178
571,Angelina,Gillett,agillettfu@telegraph.co.uk,Female,7.242.202.59
572,Nerte,Warnock,nwarnockfv@github.io,Female,48.42.141.211
573,Heath,Grebner,hgrebnerfw@umich.edu,Female,185.53.232.112
574,Kimbra,Vitte,kvittefx@netlog.com,Female,2.138.106.22
575,Launce,Larwood,llarwoodfy@com.com,Male,14.100.251.11
576,Andy,Rhyme,arhymefz@a8.net,Genderfluid,46.25.68.188
577,Emmalee,Touhig,etouhigg0@angelfire.com,Agender,52.247.209.168
578,Kearney,Thickpenny,kthickpennyg1@netlog.com,Male,124.35.233.108
579,Halley,Charville,hcharvilleg2@fotki.com,Agender,84.31.160.33
580,Desdemona,Lavens,dlavensg3@livejournal.com,Female,169.105.215.141
581,Quinta,Kelland,qkellandg4@gnu.org,Agender,170.62.200.160
582,Rochester,Bamb,rbambg5@i2i.jp,Male,149.72.118.37
583,Lynea,Connikie,lconnikieg6@upenn.edu,Non-binary,56.83.6.4
584,Jacqui,Demange,jdemangeg7@xinhuanet.com,Bigender,67.86.177.36
585,Brook,Satcher,bsatcherg8@usatoday.com,Female,53.30.186.141
586,Ciel,Crookston,ccrookstong9@smugmug.com,Female,148.225.199.244
587,Noni,Beetles,nbeetlesga@examiner.com,Female,71.19.110.77
588,Judi,Bencher,jbenchergb@cdc.gov,Female,22.9.112.140
589,Suzette,Chandlar,schandlargc@freewebs.com,Female,183.190.187.95
590,Jerry,Drinan,jdrinangd@netlog.com,Female,155.226.66.61
591,Cammie,Laurenceau,claurenceauge@columbia.edu,Female,188.75.69.15
592,Tamqrah,Krienke,tkrienkegf@jugem.jp,Female,239.122.239.204
593,Nerissa,Ralling,nrallinggg@redcross.org,Female,204.61.91.189
594,Murdoch,Luton,mlutongh@bandcamp.com,Male,21.30.128.181
595,Yvette,Manoch,ymanochgi@cam.ac.uk,Female,156.130.7.220
596,Katinka,Gregan,kgregangj@youku.com,Female,141.216.179.167
597,Rouvin,Cubuzzi,rcubuzzigk@woothemes.com,Male,151.204.242.166
598,Dex,McGinty,dmcgintygl@addtoany.com,Male,235.19.16.36
599,Nessy,Lorand,nlorandgm@theatlantic.com,Female,95.214.18.214
600,Franklin,Shinner,fshinnergn@ihg.com,Male,154.27.239.3
601,Blithe,Spiniello,bspiniellogo@parallels.com,Female,211.110.74.152
602,Emmit,Votier,evotiergp@weibo.com,Male,85.32.54.32
603,Zelma,O'Kerin,zokeringq@4shared.com,Female,126.134.92.228
604,Solly,Ireland,sirelandgr@tinypic.com,Male,116.148.18.0
605,Parke,Le Pruvost,plepruvostgs@diigo.com,Male,126.5.144.142
606,Leroi,Galgey,lgalgeygt@cargocollective.com,Male,115.156.159.151
607,Saunders,McCrostie,smccrostiegu@naver.com,Male,77.225.196.105
608,Loydie,Morot,lmorotgv@domainmarket.com,Male,174.237.89.96
609,Orelle,Lapham,olaphamgw@google.com,Female,104.22.101.243
610,Obadiah,Ormonde,oormondegx@arizona.edu,Male,60.117.228.178
611,Eamon,Terrington,eterringtongy@uiuc.edu,Male,233.82.195.106
612,Rodney,Watkinson,rwatkinsongz@networkadvertising.org,Male,159.226.199.68
613,Rayna,Mulvagh,rmulvaghh0@xing.com,Female,131.15.130.229
614,Catherin,Asif,casifh1@ameblo.jp,Genderfluid,217.129.171.28
615,Octavia,Ambrogelli,oambrogellih2@1688.com,Female,51.73.34.38
616,Hermon,Blincko,hblinckoh3@nationalgeographic.com,Male,203.190.86.71
617,Charmane,McCoid,cmccoidh4@issuu.com,Female,210.253.92.126
618,Jarrid,Mailey,jmaileyh5@fotki.com,Male,8.85.81.7
619,Sayre,Eggins,segginsh6@amazonaws.com,Genderfluid,154.109.61.226
620,Caresse,Alten,caltenh7@elegantthemes.com,Female,161.95.157.198
621,Lauryn,Cranke,lcrankeh8@earthlink.net,Female,228.17.64.24
622,Valdemar,Batkin,vbatkinh9@ihg.com,Male,227.203.157.217
623,Carleton,Caso,ccasoha@paginegialle.it,Male,28.128.47.21
624,Jerry,Meeland,jmeelandhb@gravatar.com,Female,245.80.220.214
625,Wallis,Kornel,wkornelhc@nps.gov,Non-binary,242.25.21.201
626,Dallis,Fawdrie,dfawdriehd@parallels.com,Male,64.134.14.187
627,Tybi,Leaning,tleaninghe@time.com,Female,147.243.177.196
628,Meredithe,Rebillard,mrebillardhf@arizona.edu,Female,86.68.106.35
629,Natale,Snowden,nsnowdenhg@merriam-webster.com,Male,2.81.55.64
630,Edie,Cordell,ecordellhh@arstechnica.com,Female,47.144.188.144
631,Peyter,Behnen,pbehnenhi@jigsy.com,Male,77.135.124.157
632,Dalenna,Josiah,djosiahhj@pen.io,Female,94.179.11.227
633,Obed,Shaplin,oshaplinhk@flickr.com,Male,4.159.117.11
634,Meredeth,Torpie,mtorpiehl@imdb.com,Male,111.165.90.195
635,Parke,Kattenhorn,pkattenhornhm@feedburner.com,Male,233.176.189.112
636,Virgina,Clausson,vclaussonhn@nifty.com,Female,195.92.26.15
637,Gerrie,Burdass,gburdassho@livejournal.com,Female,49.198.41.148
638,Derk,Rogister,drogisterhp@nih.gov,Male,206.243.116.120
639,Laird,Aspinall,laspinallhq@typepad.com,Male,172.73.233.142
640,Ignacio,Pavkovic,ipavkovichr@pinterest.com,Male,195.149.102.128
641,Gare,Mulvin,gmulvinhs@yellowbook.com,Male,213.108.105.65
642,Errol,Antonignetti,eantonignettiht@github.io,Male,157.15.230.219
643,Joni,Beynkn,jbeynknhu@mediafire.com,Female,130.250.95.61
644,Marie,Trower,mtrowerhv@bluehost.com,Female,69.214.141.93
645,Terrance,Laxen,tlaxenhw@cnn.com,Male,180.87.149.26
646,Evered,Steptow,esteptowhx@privacy.gov.au,Male,33.117.52.207
647,Hyacinthie,Pawsey,hpawseyhy@printfriendly.com,Female,29.16.189.164
648,Iggy,Yakovliv,iyakovlivhz@aol.com,Male,90.175.64.16
649,Alix,Denver,adenveri0@chicagotribune.com,Female,25.247.197.190
650,Maddy,Rootes,mrootesi1@wix.com,Male,200.85.203.105
651,Neile,McGeown,nmcgeowni2@ucoz.com,Female,18.183.156.47
652,Mercie,Arnecke,marneckei3@lulu.com,Female,69.76.40.73
653,Latrena,Acory,lacoryi4@cmu.edu,Female,147.185.119.144
654,Shurwood,Ivanov,sivanovi5@linkedin.com,Male,251.47.211.166
655,Alphard,Briereton,abrieretoni6@moonfruit.com,Male,178.89.100.14
656,Rani,Cuppitt,rcuppitti7@themeforest.net,Female,138.166.160.172
657,Damian,Mardee,dmardeei8@gnu.org,Polygender,77.187.22.15
658,Shea,Rothwell,srothwelli9@who.int,Female,171.148.79.114
659,Waylin,Whaites,wwhaitesia@umn.edu,Genderqueer,195.97.117.90
660,Dani,Grayer,dgrayerib@woothemes.com,Male,106.162.150.212
661,Anastassia,McCarly,amccarlyic@tripod.com,Female,174.8.21.252
662,Jozef,Rattenberie,jrattenberieid@pcworld.com,Bigender,147.158.133.212
663,Yasmin,Poynser,ypoynserie@amazonaws.com,Female,142.254.51.125
664,Arin,Shimman,ashimmanif@nps.gov,Male,15.234.90.156
665,Emogene,Tissell,etissellig@ezinearticles.com,Female,110.109.117.252
666,Gaby,Wray,gwrayih@linkedin.com,Female,140.162.188.92
667,Donelle,Stoter,dstoterii@bloglines.com,Female,13.41.237.74
668,Cymbre,Swainston,cswainstonij@weibo.com,Female,81.245.190.192
669,Moishe,Washtell,mwashtellik@360.cn,Male,92.79.72.251
670,Monti,Padula,mpadulail@hhs.gov,Male,196.93.155.199
671,Maddy,Moens,mmoensim@google.ca,Male,156.141.83.183
672,Luise,Peplaw,lpeplawin@live.com,Female,209.24.179.28
673,Vanny,Wordington,vwordingtonio@craigslist.org,Female,160.214.233.97
674,Amalea,Edwicke,aedwickeip@icq.com,Female,36.148.89.239
675,Barbey,Bilney,bbilneyiq@elegantthemes.com,Female,78.210.130.137
676,Louisa,Espinas,lespinasir@marketwatch.com,Female,253.188.243.38
677,Allegra,Beardsdale,abeardsdaleis@sfgate.com,Female,207.177.217.121
678,Loria,Street,lstreetit@skype.com,Female,214.183.170.211
679,Vivyanne,Josefer,vjoseferiu@amazon.de,Female,52.55.140.155
680,Asia,Cato,acatoiv@mashable.com,Female,42.127.76.124
681,Opal,Dittson,odittsoniw@xinhuanet.com,Female,37.39.13.132
682,Jedidiah,Maryott,jmaryottix@unicef.org,Male,246.124.187.247
683,Tim,Spiller,tspilleriy@state.gov,Male,82.230.176.71
684,Anneliese,Bowstead,abowsteadiz@wp.com,Genderfluid,189.52.199.85
685,Homere,Starmer,hstarmerj0@xrea.com,Male,174.103.218.15
686,Alison,Waddie,awaddiej1@mediafire.com,Female,79.14.235.43
687,Doralia,Adamides,dadamidesj2@ifeng.com,Bigender,56.60.249.193
688,Murdoch,Beaconsall,mbeaconsallj3@drupal.org,Male,155.198.165.145
689,Josey,O'Brogan,jobroganj4@businessweek.com,Female,166.141.110.19
690,Teodor,Castro,tcastroj5@wix.com,Male,90.0.109.97
691,Padraic,Britee,pbriteej6@twitter.com,Male,165.157.49.140
692,Lane,Churly,lchurlyj7@furl.net,Female,237.27.198.201
693,Virgina,Tasch,vtaschj8@businesswire.com,Genderqueer,88.129.148.144
694,Aldridge,Adlard,aadlardj9@umich.edu,Male,44.135.246.55
695,Bernita,Gully,bgullyja@google.ca,Female,186.235.199.202
696,Cassi,Hemphrey,chemphreyjb@twitpic.com,Female,104.197.194.253
697,Tiertza,Terrazzo,tterrazzojc@utexas.edu,Female,39.3.77.120
698,Archy,Caddie,acaddiejd@merriam-webster.com,Agender,15.251.211.24
699,Lamar,Leverington,lleveringtonje@google.de,Male,94.109.82.185
700,Town,Bruggen,tbruggenjf@chicagotribune.com,Male,248.211.101.67
701,Timi,McKeowon,tmckeowonjg@drupal.org,Female,4.8.235.192
702,Shannan,MacComiskey,smaccomiskeyjh@shinystat.com,Bigender,40.181.38.37
703,Chrisse,Brummitt,cbrummittji@vkontakte.ru,Male,136.29.224.191
704,Nate,Dionisetto,ndionisettojj@dyndns.org,Male,66.7.126.153
705,Krissy,Nicolls,knicollsjk@facebook.com,Female,190.253.237.74
706,Cornall,Fair,cfairjl@livejournal.com,Genderfluid,96.83.124.234
707,Angelita,La Batie,alabatiejm@google.co.jp,Female,211.230.143.101
708,Celestyna,Chesley,cchesleyjn@state.tx.us,Female,184.138.220.179
709,Ward,Orr,worrjo@360.cn,Polygender,168.212.49.50
710,Dorrie,Waterfield,dwaterfieldjp@wikispaces.com,Female,132.26.92.117
711,Keriann,Harriss,kharrissjq@google.cn,Female,52.69.8.182
712,Ransom,Belson,rbelsonjr@uiuc.edu,Bigender,184.203.3.177
713,Roz,Flaonier,rflaonierjs@nsw.gov.au,Female,151.208.110.10
714,Romain,Dincey,rdinceyjt@ftc.gov,Male,68.141.82.123
715,Rhea,Baumford,rbaumfordju@wp.com,Female,175.17.2.130
716,Arvie,Stalf,astalfjv@netvibes.com,Male,215.122.0.111
717,Daune,Pargetter,dpargetterjw@npr.org,Female,242.208.228.242
718,Carol,McCreedy,cmccreedyjx@edublogs.org,Female,177.126.106.205
719,Justin,Mobius,jmobiusjy@npr.org,Male,7.62.29.179
720,Engelbert,Matzen,ematzenjz@amazon.co.uk,Male,159.15.26.168
721,Sophia,Davidsen,sdavidsenk0@ucoz.com,Female,35.8.14.157
722,Si,Lambot,slambotk1@nsw.gov.au,Male,65.239.188.6
723,Egbert,Ourtic,eourtick2@google.com.br,Male,123.94.164.11
724,Cesaro,Rispine,crispinek3@wp.com,Genderqueer,213.250.143.23
725,Esme,Machin,emachink4@about.com,Female,78.241.50.169
726,Madalyn,Storre,mstorrek5@cnet.com,Female,47.117.32.231
727,Maxi,Beagan,mbeagank6@sfgate.com,Female,71.231.226.250
728,Nat,Doogood,ndoogoodk7@simplemachines.org,Genderfluid,16.105.122.78
729,Nert,Musla,nmuslak8@usnews.com,Female,157.88.176.131
730,Padraig,Klulik,pklulikk9@example.com,Male,31.143.41.97
731,Madelon,Dowty,mdowtyka@so-net.ne.jp,Female,176.216.26.139
732,Carole,Culverhouse,cculverhousekb@google.it,Female,158.122.148.224
733,Pip,Shetliff,pshetliffkc@deliciousdays.com,Male,228.32.125.219
734,Forrester,Loyd,floydkd@tumblr.com,Male,48.212.129.10
735,Ely,MacKereth,emackerethke@weather.com,Male,252.30.86.79
736,Riva,Sheron,rsheronkf@tamu.edu,Female,12.36.43.7
737,Jed,Fasse,jfassekg@nationalgeographic.com,Male,230.21.35.77
738,Thoma,Inger,tingerkh@walmart.com,Male,7.169.98.23
739,Margaretta,Gymlett,mgymlettki@csmonitor.com,Female,166.19.121.70
740,Quintin,Titchard,qtitchardkj@ftc.gov,Male,246.49.232.134
741,Rob,Duchatel,rduchatelkk@paypal.com,Male,155.91.62.79
742,Ely,Haigh,ehaighkl@blogspot.com,Male,77.234.119.81
743,Yuri,Yell,yyellkm@wikimedia.org,Male,101.32.203.253
744,Kerk,Gallelli,kgallellikn@google.ru,Male,100.103.221.138
745,Genevieve,Lakes,glakesko@miibeian.gov.cn,Female,196.28.234.152
746,Bessy,Wilstead,bwilsteadkp@usgs.gov,Female,154.70.96.199
747,Woodrow,Normanell,wnormanellkq@google.nl,Male,174.33.187.179
748,Ive,McGillivray,imcgillivraykr@dion.ne.jp,Male,95.34.210.181
749,Nat,Martinello,nmartinelloks@howstuffworks.com,Male,100.157.128.44
750,Quinn,Parkeson,qparkesonkt@ibm.com,Male,41.137.98.72
751,Jorey,Kuhne,jkuhneku@ustream.tv,Female,130.129.191.255
752,Heddi,Mattack,hmattackkv@fotki.com,Female,158.62.102.144
753,Reuben,Ciobutaru,rciobutarukw@disqus.com,Male,38.191.25.173
754,Amil,Barnson,abarnsonkx@typepad.com,Non-binary,81.97.182.183
755,Cooper,Lortzing,clortzingky@delicious.com,Male,44.203.75.232
756,Natalya,Grealey,ngrealeykz@linkedin.com,Female,103.6.146.123
757,Geoffrey,Kelbie,gkelbiel0@webnode.com,Male,147.54.87.169
758,Hillard,Bacop,hbacopl1@de.vu,Male,223.179.30.21
759,Celestina,Prott,cprottl2@ihg.com,Genderfluid,78.6.143.17
760,Pearl,Andresser,pandresserl3@geocities.jp,Female,97.176.236.1
761,Sallyann,Facer,sfacerl4@wiley.com,Female,234.125.40.9
762,Opalina,Greatrex,ogreatrexl5@noaa.gov,Female,233.72.158.118
763,Si,Whitcombe,swhitcombel6@smugmug.com,Male,203.113.26.63
764,Andromache,Castillou,acastilloul7@blog.com,Female,39.67.140.206
765,Carlo,Beare,cbearel8@seattletimes.com,Male,247.113.58.128
766,Lian,Raithmill,lraithmilll9@seattletimes.com,Female,57.167.235.133
767,Jarrid,Scourfield,jscourfieldla@blogspot.com,Male,117.91.44.101
768,Truda,Spraberry,tspraberrylb@sina.com.cn,Female,84.183.178.158
769,Shoshana,Flaherty,sflahertylc@tuttocitta.it,Female,199.204.95.172
770,Alva,Criple,acripleld@pagesperso-orange.fr,Male,131.56.15.230
771,Kate,Somner,ksomnerle@seesaa.net,Female,176.111.114.74
772,Marcy,Boules,mbouleslf@wisc.edu,Female,157.251.39.125
773,Gerda,Ethridge,gethridgelg@storify.com,Female,97.57.7.149
774,Sidnee,Hoyles,shoyleslh@trellian.com,Male,252.185.177.66
775,Emili,Edgin,eedginli@deviantart.com,Female,55.204.100.119
776,Kaleb,Serris,kserrislj@nymag.com,Male,32.136.109.94
777,Avigdor,Hardiman,ahardimanlk@google.it,Male,69.228.101.181
778,Ardella,Gorch,agorchll@constantcontact.com,Female,254.10.193.251
779,Welbie,Lippitt,wlippittlm@jimdo.com,Male,236.80.5.66
780,Rhodie,Dahler,rdahlerln@bloglines.com,Female,24.47.116.214
781,Desiree,Weagener,dweagenerlo@ycombinator.com,Female,21.71.221.217
782,Randy,Allatt,rallattlp@themeforest.net,Female,93.161.241.137
783,Sonny,Mitchenson,smitchensonlq@epa.gov,Female,224.56.186.110
784,Irvine,Vasiltsov,ivasiltsovlr@nsw.gov.au,Male,228.175.177.234
785,Delmore,Siemianowicz,dsiemianowiczls@artisteer.com,Male,87.118.219.112
786,Meara,Roback,mrobacklt@house.gov,Female,198.50.112.80
787,Corby,Hauger,chaugerlu@cisco.com,Male,89.96.42.246
788,Adelbert,Cheal,acheallv@soup.io,Male,199.151.31.217
789,Shem,Fetherstan,sfetherstanlw@npr.org,Male,198.228.4.161
790,Aime,Treneman,atrenemanlx@state.tx.us,Female,224.49.52.94
791,Cristen,Glynne,cglynnely@edublogs.org,Female,93.244.218.118
792,Wittie,Curedale,wcuredalelz@sfgate.com,Male,121.89.86.252
793,Sharon,Iwaszkiewicz,siwaszkiewiczm0@live.com,Female,72.69.79.61
794,Aguistin,Kingswood,akingswoodm1@cnet.com,Bigender,109.81.64.83
795,Althea,Bousler,abouslerm2@dmoz.org,Female,238.217.198.108
796,Tatiania,Leadston,tleadstonm3@deviantart.com,Female,48.33.97.133
797,Edee,Quinet,equinetm4@oakley.com,Female,100.80.228.10
798,Andee,Kirstein,akirsteinm5@time.com,Female,62.245.0.112
799,Nicole,Kearford,nkearfordm6@mapy.cz,Female,131.64.84.245
800,Adolf,Rosiello,arosiellom7@washingtonpost.com,Male,179.254.219.133
801,Valle,Este,vestem8@tiny.cc,Male,186.72.194.210
802,Crissy,Rubinowicz,crubinowiczm9@unesco.org,Agender,104.148.171.51
803,Jeremy,Roblett,jroblettma@pagesperso-orange.fr,Male,253.0.218.208
804,Garrett,Sellors,gsellorsmb@exblog.jp,Male,239.146.241.54
805,Benedict,Lain,blainmc@squidoo.com,Male,230.239.245.83
806,Kimball,Rogerot,krogerotmd@salon.com,Bigender,228.226.194.147
807,Alfredo,Duguid,aduguidme@technorati.com,Male,255.67.76.114
808,Patrick,Dieton,pdietonmf@eepurl.com,Male,56.74.88.76
809,Chrysler,Union,cunionmg@feedburner.com,Female,51.117.123.128
810,Jefferey,Clows,jclowsmh@reddit.com,Male,16.92.213.168
811,Trisha,Osanne,tosannemi@hhs.gov,Female,102.14.58.227
812,Marijn,Bardwell,mbardwellmj@cbsnews.com,Male,161.162.221.96
813,Darrelle,Waterfield,dwaterfieldmk@timesonline.co.uk,Female,9.178.230.40
814,Anallese,Eastop,aeastopml@nhs.uk,Female,94.59.13.106
815,Farrell,Gregolotti,fgregolottimm@ow.ly,Male,226.31.91.164
816,Wendall,Shercliff,wshercliffmn@gravatar.com,Male,161.161.101.44
817,Hy,Keegan,hkeeganmo@whitehouse.gov,Male,241.96.211.19
818,Alyce,Skully,askullymp@whitehouse.gov,Genderfluid,11.24.93.160
819,Waldo,Shepley,wshepleymq@npr.org,Bigender,131.208.223.190
820,Gerry,Jaynes,gjaynesmr@ft.com,Female,78.151.137.75
821,Millard,Hargrave,mhargravems@mayoclinic.com,Male,196.92.58.127
822,Sollie,Striker,sstrikermt@patch.com,Male,149.206.175.172
823,Callean,Yukhnov,cyukhnovmu@liveinternet.ru,Male,155.194.190.237
824,Harwell,Yakovl,hyakovlmv@zimbio.com,Male,198.78.172.102
825,Bria,Weatherley,bweatherleymw@senate.gov,Female,240.71.155.208
826,Glenine,Fanshawe,gfanshawemx@youku.com,Female,64.24.16.246
827,Gaspard,Ramard,gramardmy@clickbank.net,Male,181.133.182.60
828,Teri,Porte,tportemz@house.gov,Female,218.118.239.90
829,Gracia,Zienkiewicz,gzienkiewiczn0@desdev.cn,Female,156.172.61.42
830,Kearney,Lugton,klugtonn1@twitpic.com,Male,190.121.123.187
831,Nani,Eager,neagern2@eventbrite.com,Female,147.73.170.153
832,Harmon,Thomkins,hthomkinsn3@hubpages.com,Male,234.226.66.65
833,Ninetta,Tirte,ntirten4@sfgate.com,Female,82.231.209.30
834,Abbey,MacGarvey,amacgarveyn5@nbcnews.com,Female,175.53.125.240
835,Yardley,McKune,ymckunen6@sfgate.com,Male,186.158.44.130
836,Marin,Trangmar,mtrangmarn7@devhub.com,Female,210.107.17.73
837,Ellsworth,Kleinplatz,ekleinplatzn8@fotki.com,Male,161.84.168.85
838,Kelby,Dufour,kdufourn9@flickr.com,Male,255.207.165.83
839,Anthia,Cheers,acheersna@taobao.com,Female,46.122.60.142
840,Rickard,Rizzolo,rrizzolonb@reuters.com,Male,119.178.59.198
841,Cory,Anan,canannc@prweb.com,Non-binary,196.232.10.174
842,Davine,Fredson,dfredsonnd@geocities.com,Female,29.179.211.133
843,Justus,Bankhurst,jbankhurstne@seesaa.net,Male,250.239.183.217
844,Gale,Vasilyonok,gvasilyonoknf@skype.com,Female,125.220.173.14
845,Elden,Wigley,ewigleyng@ow.ly,Male,230.65.149.122
846,Danella,Whatmough,dwhatmoughnh@wordpress.com,Female,70.224.169.42
847,Jeanne,O'Dyvoy,jodyvoyni@google.com.au,Female,126.197.202.68
848,Kelli,Aspenlon,kaspenlonnj@freewebs.com,Female,6.201.103.26
849,Bree,Bergeau,bbergeaunk@bing.com,Non-binary,162.249.106.203
850,Perri,Rowles,prowlesnl@samsung.com,Female,80.182.29.246
851,Douglass,Knightsbridge,dknightsbridgenm@angelfire.com,Male,91.89.70.219
852,Wynn,Swayte,wswaytenn@sourceforge.net,Male,60.208.85.215
853,Almire,Spears,aspearsno@purevolume.com,Female,74.244.142.61
854,Camilla,Whiteson,cwhitesonnp@biglobe.ne.jp,Female,94.220.119.182
855,Elroy,Pygott,epygottnq@statcounter.com,Male,197.55.236.29
856,Axe,Meeland,ameelandnr@gnu.org,Male,243.49.232.193
857,Gunther,Kellogg,gkelloggns@opera.com,Genderqueer,75.38.0.237
858,Aura,O'Coskerry,aocoskerrynt@yolasite.com,Female,19.31.124.24
859,Lorens,Torns,ltornsnu@skyrock.com,Male,61.238.230.206
860,Wolfgang,Winfred,wwinfrednv@cmu.edu,Male,16.68.21.111
861,Tarrah,Penhall,tpenhallnw@privacy.gov.au,Female,138.172.105.152
862,Corry,Dibdale,cdibdalenx@jalbum.net,Female,91.37.138.21
863,Hilly,Udey,hudeyny@businessinsider.com,Male,166.67.232.38
864,Rex,Luis,rluisnz@symantec.com,Male,201.55.210.87
865,Blakelee,Nuzzti,bnuzztio0@rediff.com,Female,225.126.57.88
866,Minor,Aldiss,maldisso1@dailymotion.com,Male,70.34.3.166
867,Dougy,Apfelmann,dapfelmanno2@bbc.co.uk,Male,76.225.179.237
868,Paddy,Calveley,pcalveleyo3@cnn.com,Male,83.40.175.157
869,Samuele,Shenfish,sshenfisho4@springer.com,Male,154.155.152.186
870,Zorina,Jedrysik,zjedrysiko5@1und1.de,Female,45.221.35.125
871,Leda,Ketchen,lketcheno6@aboutads.info,Female,99.119.8.126
872,Barny,Goulding,bgouldingo7@nsw.gov.au,Male,233.73.155.10
873,Shoshanna,Nore,snoreo8@gizmodo.com,Female,226.206.40.249
874,Veronike,Arundel,varundelo9@free.fr,Female,13.254.110.246
875,Junia,McAllen,jmcallenoa@surveymonkey.com,Female,171.122.76.122
876,Edi,Dhennin,edhenninob@sakura.ne.jp,Female,143.151.48.133
877,Bailey,Stephenson,bstephensonoc@typepad.com,Male,149.102.76.88
878,Marney,Heselwood,mheselwoodod@mtv.com,Female,144.169.125.28
879,Luther,Gergus,lgergusoe@hostgator.com,Male,214.199.160.98
880,Viki,Creyke,vcreykeof@360.cn,Female,39.198.165.132
881,Sena,Perrelle,sperrelleog@smh.com.au,Female,60.197.86.243
882,Roxanne,Chidwick,rchidwickoh@baidu.com,Genderqueer,23.117.19.221
883,Rosemaria,Casazza,rcasazzaoi@cdbaby.com,Female,203.63.71.157
884,Josepha,Wallworth,jwallworthoj@dropbox.com,Female,99.75.190.95
885,Bettina,Barbera,bbarberaok@loc.gov,Female,142.159.240.151
886,Rozele,Gaisford,rgaisfordol@scientificamerican.com,Female,142.137.106.174
887,Virgie,Evreux,vevreuxom@issuu.com,Male,193.228.198.202
888,Tess,Jacobsson,tjacobssonon@digg.com,Female,195.202.175.165
889,Salomo,Eads,seadsoo@123-reg.co.uk,Male,85.199.100.62
890,Arlen,Lynam,alynamop@gnu.org,Male,57.38.144.183
891,Mill,Margetts,mmargettsoq@wix.com,Male,30.109.34.2
892,Joni,Cornilleau,jcornilleauor@merriam-webster.com,Female,177.76.82.35
893,Valeria,Petrushanko,vpetrushankoos@psu.edu,Female,243.52.142.159
894,Boniface,Mongenot,bmongenotot@joomla.org,Male,246.51.68.120
895,Pennie,Puttick,pputtickou@github.com,Female,211.25.101.8
896,Lorena,Weare,lweareov@photobucket.com,Female,7.54.247.88
897,Trumaine,Eyrl,teyrlow@jigsy.com,Male,83.12.101.195
898,Reinhard,Iacobini,riacobiniox@miitbeian.gov.cn,Male,45.56.88.69
899,Giraud,Bow,gbowoy@foxnews.com,Male,98.157.64.37
900,Munmro,Lebreton,mlebretonoz@howstuffworks.com,Male,209.200.55.248
901,Cassaundra,Treacher,ctreacherp0@wordpress.org,Female,250.195.201.98
902,Sigfrid,De Ferrari,sdeferrarip1@delicious.com,Male,56.63.157.60
903,Susanetta,Ghidoni,sghidonip2@cyberchimps.com,Female,127.52.50.224
904,Archibaldo,Das,adasp3@xing.com,Male,166.109.171.223
905,Barnabas,Eisig,beisigp4@flickr.com,Male,13.18.53.14
906,Lanie,Motten,lmottenp5@senate.gov,Male,50.90.51.126
907,Clarance,Bascombe,cbascombep6@archive.org,Male,162.107.200.8
908,Cherri,Pummell,cpummellp7@dmoz.org,Female,247.60.89.227
909,Maris,Kneel,mkneelp8@meetup.com,Female,241.69.39.87
910,Quintin,Delaney,qdelaneyp9@xing.com,Male,137.155.42.102
911,Delphine,Draper,ddraperpa@howstuffworks.com,Female,37.233.153.118
912,Karissa,McChesney,kmcchesneypb@netlog.com,Female,39.204.133.163
913,Svend,Kellet,skelletpc@yolasite.com,Bigender,127.242.228.26
914,Orelle,Fairham,ofairhampd@biblegateway.com,Female,237.114.214.201
915,Clerkclaude,Martello,cmartellope@pinterest.com,Male,209.23.193.241
916,Hoyt,Leivesley,hleivesleypf@engadget.com,Male,245.156.55.139
917,Salaidh,Jarrold,sjarroldpg@storify.com,Female,120.242.120.132
918,Sacha,Haylands,shaylandsph@eventbrite.com,Female,142.0.131.45
919,Natal,Baert,nbaertpi@nih.gov,Male,2.134.100.172
920,Cyndie,Arrighetti,carrighettipj@is.gd,Female,48.49.28.123
921,Sianna,Pellant,spellantpk@tinyurl.com,Female,37.179.3.33
922,Cletis,Rizon,crizonpl@alexa.com,Male,166.219.156.227
923,Kevina,Deport,kdeportpm@exblog.jp,Female,232.70.21.253
924,Harmon,Brunn,hbrunnpn@vistaprint.com,Male,90.218.152.166
925,Vanny,Dyson,vdysonpo@vk.com,Female,89.31.98.151
926,Brion,Barthod,bbarthodpp@yahoo.co.jp,Male,214.95.28.100
927,Kim,Ormonde,kormondepq@gravatar.com,Genderfluid,108.102.198.145
928,Lauri,Mealiffe,lmealiffepr@forbes.com,Female,131.213.168.81
929,Vicki,McKeighen,vmckeighenps@51.la,Female,212.246.115.22
930,Rochella,Landes,rlandespt@drupal.org,Female,206.39.11.161
931,Ramsay,Lavielle,rlaviellepu@google.cn,Male,243.117.245.13
932,Kariotta,Barley,kbarleypv@toplist.cz,Female,183.198.73.190
933,Nefen,Cowdroy,ncowdroypw@gnu.org,Male,94.231.216.175
934,Elset,Radage,eradagepx@naver.com,Female,30.94.187.236
935,Marylee,Bernini,mberninipy@imdb.com,Female,40.3.223.193
936,Terza,Ox,toxpz@disqus.com,Female,100.248.119.227
937,Ganny,Botton,gbottonq0@homestead.com,Male,124.218.86.111
938,Yoshiko,Farington,yfaringtonq1@imdb.com,Female,81.251.190.134
939,Riobard,Corston,rcorstonq2@ifeng.com,Male,123.97.172.97
940,Raynell,Chotty,rchottyq3@mozilla.org,Female,71.168.248.198
941,Pier,Silverthorne,psilverthorneq4@statcounter.com,Female,229.116.212.229
942,Thomasina,Whiffin,twhiffinq5@jigsy.com,Female,118.35.199.22
943,Marcelia,Warrior,mwarriorq6@mtv.com,Female,78.65.121.205
944,Mohandas,McSporon,mmcsporonq7@pen.io,Male,34.186.235.54
945,Ezri,Dench,edenchq8@quantcast.com,Male,79.63.179.246
946,Silvain,McGettigan,smcgettiganq9@typepad.com,Male,60.92.212.108
947,Pace,Ewens,pewensqa@go.com,Male,135.137.163.40
948,Kiele,Mordacai,kmordacaiqb@moonfruit.com,Female,252.8.214.98
949,Shea,Beauchop,sbeauchopqc@icio.us,Non-binary,175.54.64.33
950,Gabe,Senecaux,gsenecauxqd@creativecommons.org,Male,141.152.140.160
951,Corie,MacFaell,cmacfaellqe@t.co,Genderqueer,207.72.29.128
952,Katerina,Toman,ktomanqf@sfgate.com,Female,35.107.231.232
953,Rossie,Castanos,rcastanosqg@e-recht24.de,Male,14.211.150.17
954,Perrine,Radeliffe,pradeliffeqh@live.com,Female,195.198.86.102
955,Willey,Macilhench,wmacilhenchqi@nationalgeographic.com,Male,106.148.37.209
956,Traci,Trott,ttrottqj@gnu.org,Female,134.90.243.16
957,Bel,Halgarth,bhalgarthqk@timesonline.co.uk,Female,247.88.35.94
958,Darb,Heyworth,dheyworthql@shop-pro.jp,Male,211.106.1.128
959,Antonietta,Tanton,atantonqm@shop-pro.jp,Female,213.31.201.199
960,Trish,Hawke,thawkeqn@deviantart.com,Female,26.135.224.9
961,York,Prozescky,yprozesckyqo@sphinn.com,Male,185.119.40.80
962,Parsifal,Eslie,peslieqp@flickr.com,Male,217.99.228.202
963,Ettie,Pidler,epidlerqq@myspace.com,Female,109.172.213.222
964,Pearline,Armour,parmourqr@examiner.com,Female,55.30.88.233
965,Javier,Kilgour,jkilgourqs@livejournal.com,Male,186.72.21.122
966,Teodorico,Cicutto,tcicuttoqt@tripadvisor.com,Male,94.107.200.140
967,Addie,Shenfish,ashenfishqu@wikimedia.org,Female,154.162.192.37
968,Mahala,Pear,mpearqv@sciencedaily.com,Female,74.111.198.224
969,Hanni,MacCoughen,hmaccoughenqw@privacy.gov.au,Female,228.70.118.141
970,Rayna,Lewsy,rlewsyqx@nationalgeographic.com,Female,59.200.20.186
971,Thain,Yves,tyvesqy@cpanel.net,Agender,104.19.114.230
972,Obadias,Coulthurst,ocoulthurstqz@ebay.com,Male,123.170.44.44
973,Marleen,Bowdidge,mbowdidger0@google.fr,Female,173.252.82.155
974,Graeme,Reddihough,greddihoughr1@51.la,Non-binary,17.113.131.199
975,Sampson,Iceton,sicetonr2@wikipedia.org,Male,195.69.82.7
976,Antoine,MacGee,amacgeer3@smh.com.au,Genderqueer,141.57.244.215
977,Milzie,Pitts,mpittsr4@techcrunch.com,Female,142.6.188.149
978,Stavros,Lowdeane,slowdeaner5@edublogs.org,Male,42.12.186.53
979,Cointon,Jales,cjalesr6@surveymonkey.com,Male,246.250.59.196
980,Nikki,Townrow,ntownrowr7@springer.com,Female,63.37.252.164
981,Perry,Wrefford,pwreffordr8@hao123.com,Female,173.169.63.41
982,Harriot,Yurukhin,hyurukhinr9@nymag.com,Female,184.226.14.109
983,Lockwood,Cawthry,lcawthryra@disqus.com,Male,84.239.169.97
984,Keir,O'Sharkey,kosharkeyrb@cbslocal.com,Male,182.8.96.11
985,Phillie,Mattiussi,pmattiussirc@51.la,Female,95.172.209.145
986,Winnifred,Edward,wedwardrd@github.io,Female,112.34.54.6
987,Umeko,Jaqueme,ujaquemere@hatena.ne.jp,Female,192.212.171.129
988,Davie,Conahy,dconahyrf@tripadvisor.com,Male,232.89.150.230
989,Albrecht,Serrier,aserrierrg@loc.gov,Male,116.210.202.217
990,Euell,Jeannequin,ejeannequinrh@whitehouse.gov,Male,49.27.104.117
991,Corliss,Chazerand,cchazerandri@cbc.ca,Female,171.39.146.160
992,Barron,Stannislawski,bstannislawskirj@microsoft.com,Genderfluid,156.75.220.186
993,Elroy,McCullough,emcculloughrk@github.com,Male,80.222.180.199
994,Valle,Reilinger,vreilingerrl@scientificamerican.com,Male,122.127.36.146
995,Katti,Reggio,kreggiorm@accuweather.com,Female,153.171.122.183
996,Jacobo,Silliman,jsillimanrn@seesaa.net,Genderqueer,203.9.97.8
997,Kasper,Sommerville,ksommervillero@jugem.jp,Male,144.24.0.220
998,Shaun,Stolli,sstollirp@yolasite.com,Male,182.244.91.133
999,Cassandra,Meran,cmeranrq@qq.com,Female,35.51.236.171
1000,Olly,Titta,otittarr@livejournal.com,Male,57.49.162.190
